ID,Type,SKU,Name,Published,Short description,Description,Regular price,Sale price,Categories,Images,Stock,Manage stock,Backorders,Tax status,Tax class,Tags
,simple,AXFORCE-TIGER-5U,AXFORCE TIGER - 5U,1,AXFORCE TIGER - 5U - high-quality Racket in the Badminton category.,AXFORCE TIGER - 5U is a premium Racket designed for Badminton training and matches. Ideal for athletes and sports enthusiasts.,999,,Badminton > Racket,https://lightslategrey-monkey-361905.hostingersite.com/wp-content/uploads/2026/09/axforce-tiger-5u.webp,10,yes,no,taxable,standard,
,simple,G-TEK-38-GX,G-TEK 38 GX,1,G-TEK 38 GX - high-quality Racket in the Badminton category.,G-TEK 38 GX is a premium Racket designed for Badminton training and matches. Ideal for athletes and sports enthusiasts.,999,,Badminton > Racket,https://lightslategrey-monkey-361905.hostingersite.com/wp-content/uploads/2026/09/G-TEK-38-GX.jpg,10,yes,no,taxable,standard,
,simple,WIND-LITE-STEALTH,WIND LITE STEALTH,1,WIND LITE STEALTH - high-quality Racket in the Badminton category.,WIND LITE STEALTH is a premium Racket designed for Badminton training and matches. Ideal for athletes and sports enthusiasts.,999,,Badminton > Racket,https://lightslategrey-monkey-361905.hostingersite.com/wp-content/uploads/2026/09/Li-NingWindLiteStealth-80GBadmintonRacquet-Blue_2.webp,10,yes,no,taxable,standard,
,simple,10-STAR-SAND-BAG-ANKLE-BELT,10 STAR SAND BAG ANKLE BELT,1,10 STAR SAND BAG ANKLE BELT - high-quality product in the Fitness category.,10 STAR SAND BAG ANKLE BELT is a premium product designed for Fitness training and matches. Ideal for athletes and sports enthusiasts.,999,,Fitness,https://placehold.co/600x600/f5f5f5/333333.png?text=10%20STAR%20SAND%20BAG%20ANKLE%20BELT,10,yes,no,taxable,standard,
,simple,3D-KNEE-SUPPORTER,3D KNEE SUPPORTER,1,3D KNEE SUPPORTER - high-quality product in the Fitness category.,3D KNEE SUPPORTER is a premium product designed for Fitness training and matches. Ideal for athletes and sports enthusiasts.,999,,Fitness,https://placehold.co/600x600/f5f5f5/333333.png?text=3D%20KNEE%20SUPPORTER,10,yes,no,taxable,standard,
,simple,ABD-GAURD-BOYS,ABD GAURD BOYS,1,ABD GAURD BOYS - high-quality product in the Cricket category.,ABD GAURD BOYS is a premium product designed for Cricket training and matches. Ideal for athletes and sports enthusiasts.,999,,Cricket,https://placehold.co/600x600/f5f5f5/333333.png?text=ABD%20GAURD%20BOYS,10,yes,no,taxable,standard,
,simple,ABD-GUARD-LADIES-YU,ABD GUARD LADIES YU,1,ABD GUARD LADIES YU - high-quality product in the Cricket category.,ABD GUARD LADIES YU is a premium product designed for Cricket training and matches. Ideal for athletes and sports enthusiasts.,999,,Cricket,https://placehold.co/600x600/f5f5f5/333333.png?text=ABD%20GUARD%20LADIES%20YU,10,yes,no,taxable,standard,
,simple,ABDOMN-GAURD-MEN,ABDOMN GAURD MEN,1,ABDOMN GAURD MEN - high-quality product in the Cricket category.,ABDOMN GAURD MEN is a premium product designed for Cricket training and matches. Ideal for athletes and sports enthusiasts.,999,,Cricket,https://placehold.co/600x600/f5f5f5/333333.png?text=ABDOMN%20GAURD%20MEN,10,yes,no,taxable,standard,
,simple,ABDOMN-SUPPORTER,ABDOMN SUPPORTER,1,ABDOMN SUPPORTER - high-quality product in the Cricket category.,ABDOMN SUPPORTER is a premium product designed for Cricket training and matches. Ideal for athletes and sports enthusiasts.,999,,Cricket,https://placehold.co/600x600/f5f5f5/333333.png?text=ABDOMN%20SUPPORTER,10,yes,no,taxable,standard,
,simple,ACRALIC-COINS-SPECIAL,ACRALIC COINS SPECIAL,1,ACRALIC COINS SPECIAL - high-quality product in the Carrom category.,ACRALIC COINS SPECIAL is a premium product designed for Carrom training and matches. Ideal for athletes and sports enthusiasts.,999,,Carrom,https://placehold.co/600x600/f5f5f5/333333.png?text=ACRALIC%20COINS%20SPECIAL,10,yes,no,taxable,standard,
,simple,ACTOFIT-CR-PANT,ACTOFIT CR PANT,1,ACTOFIT CR PANT - high-quality product in the Clothing category.,ACTOFIT CR PANT is a premium product designed for Clothing training and matches. Ideal for athletes and sports enthusiasts.,999,,Clothing,https://placehold.co/600x600/f5f5f5/333333.png?text=ACTOFIT%20CR%20PANT,10,yes,no,taxable,standard,
,simple,ADIDAS-SHORTS,ADIDAS SHORTS,1,ADIDAS SHORTS - high-quality product in the Clothing category.,ADIDAS SHORTS is a premium product designed for Clothing training and matches. Ideal for athletes and sports enthusiasts.,999,,Clothing,https://placehold.co/600x600/f5f5f5/333333.png?text=ADIDAS%20SHORTS,10,yes,no,taxable,standard,
,simple,ADIDAS-VIETNAM,ADIDAS VIETNAM,1,ADIDAS VIETNAM - high-quality product in the Clothing category.,ADIDAS VIETNAM is a premium product designed for Clothing training and matches. Ideal for athletes and sports enthusiasts.,999,,Clothing,https://placehold.co/600x600/f5f5f5/333333.png?text=ADIDAS%20VIETNAM,10,yes,no,taxable,standard,
,simple,AIR-FORCE-77-G3,AIR FORCE-77-G3,1,AIR FORCE-77-G3 - high-quality Racket in the Badminton category.,AIR FORCE-77-G3 is a premium Racket designed for Badminton training and matches. Ideal for athletes and sports enthusiasts.,999,,Badminton > Racket,https://lightslategrey-monkey-361905.hostingersite.com/wp-content/uploads/2026/09/AirForceG3-77grams_2_720x.webp,10,yes,no,taxable,standard,
,simple,AIR-PUMP,AIR PUMP,1,AIR PUMP - high-quality product in the F/Ball Accessories category.,AIR PUMP is a premium product designed for F/Ball Accessories training and matches. Ideal for athletes and sports enthusiasts.,999,,F/Ball Accessories,https://placehold.co/600x600/f5f5f5/333333.png?text=AIR%20PUMP,10,yes,no,taxable,standard,
,simple,ANKLE-SOCKS,ANKLE SOCKS,1,ANKLE SOCKS - high-quality product in the Multipurpose Socks category.,ANKLE SOCKS is a premium product designed for Multipurpose Socks training and matches. Ideal for athletes and sports enthusiasts.,999,,Multipurpose Socks,https://placehold.co/600x600/f5f5f5/333333.png?text=ANKLE%20SOCKS,10,yes,no,taxable,standard,
,simple,ANKLE-SOCKS-JOY-NITTS,ANKLE SOCKS JOY NITTS,1,ANKLE SOCKS JOY NITTS - high-quality product in the Multipurpose Socks category.,ANKLE SOCKS JOY NITTS is a premium product designed for Multipurpose Socks training and matches. Ideal for athletes and sports enthusiasts.,999,,Multipurpose Socks,https://placehold.co/600x600/f5f5f5/333333.png?text=ANKLE%20SOCKS%20JOY%20NITTS,10,yes,no,taxable,standard,
,simple,ANKLE-SUPPORTER,ANKLE SUPPORTER,1,ANKLE SUPPORTER - high-quality product in the Multipurpose Socks category.,ANKLE SUPPORTER is a premium product designed for Multipurpose Socks training and matches. Ideal for athletes and sports enthusiasts.,999,,Multipurpose Socks,https://placehold.co/600x600/f5f5f5/333333.png?text=ANKLE%20SUPPORTER,10,yes,no,taxable,standard,
,simple,ANKLE-WEIGHT-5KG,ANKLE WEIGHT .5KG,1,ANKLE WEIGHT .5KG - high-quality product in the Fitness category.,ANKLE WEIGHT .5KG is a premium product designed for Fitness training and matches. Ideal for athletes and sports enthusiasts.,999,,Fitness,https://placehold.co/600x600/f5f5f5/333333.png?text=ANKLE%20WEIGHT%20.5KG,10,yes,no,taxable,standard,
,simple,APACS-ZIGGLER,APACS ZIGGLER,1,APACS ZIGGLER - high-quality Racket in the Badminton category.,APACS ZIGGLER is a premium Racket designed for Badminton training and matches. Ideal for athletes and sports enthusiasts.,999,,Badminton > Racket,https://lightslategrey-monkey-361905.hostingersite.com/wp-content/uploads/2026/09/apacs-ziggler.jpg,10,yes,no,taxable,standard,
,simple,ARCSABER7-PLAY-4U,ARCSABER7 PLAY 4U,1,ARCSABER7 PLAY 4U - high-quality Racket in the Badminton category.,ARCSABER7 PLAY 4U is a premium Racket designed for Badminton training and matches. Ideal for athletes and sports enthusiasts.,999,,Badminton > Racket,https://lightslategrey-monkey-361905.hostingersite.com/wp-content/uploads/2026/09/arc7-play-frame_grayyellow-1200x1200-1.webp,10,yes,no,taxable,standard,
,simple,ARCSABER7-TOUR-4U,ARCSABER7 TOUR 4U,1,ARCSABER7 TOUR 4U - high-quality Racket in the Badminton category.,ARCSABER7 TOUR 4U is a premium Racket designed for Badminton training and matches. Ideal for athletes and sports enthusiasts.,999,,Badminton > Racket,https://lightslategrey-monkey-361905.hostingersite.com/wp-content/uploads/2026/09/arc7-tour-1200x1200-1.webp,10,yes,no,taxable,standard,
,simple,AS2-FEATHER-SHUTTLE,AS2 FEATHER SHUTTLE,1,AS2 FEATHER SHUTTLE - high-quality Cork in the Badminton category.,AS2 FEATHER SHUTTLE is a premium Cork designed for Badminton training and matches. Ideal for athletes and sports enthusiasts.,999,,Badminton > Cork,https://placehold.co/600x600/f5f5f5/333333.png?text=AS2%20FEATHER%20SHUTTLE,10,yes,no,taxable,standard,
,simple,ASE-CRICKET-SHOE-GOLD-CG102,ASE CRICKET SHOE GOLD CG102,1,ASE CRICKET SHOE GOLD CG102 - high-quality product in the Cricket category.,ASE CRICKET SHOE GOLD CG102 is a premium product designed for Cricket training and matches. Ideal for athletes and sports enthusiasts.,999,,Cricket,https://placehold.co/600x600/f5f5f5/333333.png?text=ASE%20CRICKET%20SHOE%20GOLD%20CG102,10,yes,no,taxable,standard,
,simple,ASE-MARTINAM-SHOES-GOLD,ASE MARTINAM SHOES GOLD,1,ASE MARTINAM SHOES GOLD - high-quality product in the jagging category.,ASE MARTINAM SHOES GOLD is a premium product designed for jagging training and matches. Ideal for athletes and sports enthusiasts.,999,,jagging,https://placehold.co/600x600/f5f5f5/333333.png?text=ASE%20MARTINAM%20SHOES%20GOLD,10,yes,no,taxable,standard,
,simple,ASHWIN-STRIKER,ASHWIN STRIKER,1,ASHWIN STRIKER - high-quality product in the Carrom category.,ASHWIN STRIKER is a premium product designed for Carrom training and matches. Ideal for athletes and sports enthusiasts.,999,,Carrom,https://placehold.co/600x600/f5f5f5/333333.png?text=ASHWIN%20STRIKER,10,yes,no,taxable,standard,
,simple,ASMI-STRIKER-SUPER-FINE,ASMI STRIKER SUPER FINE,1,ASMI STRIKER SUPER FINE - high-quality product in the Carrom category.,ASMI STRIKER SUPER FINE is a premium product designed for Carrom training and matches. Ideal for athletes and sports enthusiasts.,999,,Carrom,https://placehold.co/600x600/f5f5f5/333333.png?text=ASMI%20STRIKER%20SUPER%20FINE,10,yes,no,taxable,standard,
,simple,ASTROX-100-GAME,ASTROX 100 GAME,1,ASTROX 100 GAME - high-quality Racket in the Badminton category.,ASTROX 100 GAME is a premium Racket designed for Badminton training and matches. Ideal for athletes and sports enthusiasts.,999,,Badminton > Racket,https://lightslategrey-monkey-361905.hostingersite.com/wp-content/uploads/2026/09/astrox100game-shaft-1200x1200-1.webp,10,yes,no,taxable,standard,
,simple,ASTROX-100-TOUR-4U,ASTROX 100 TOUR 4U,1,ASTROX 100 TOUR 4U - high-quality Racket in the Badminton category.,ASTROX 100 TOUR 4U is a premium Racket designed for Badminton training and matches. Ideal for athletes and sports enthusiasts.,999,,Badminton > Racket,https://lightslategrey-monkey-361905.hostingersite.com/wp-content/uploads/2026/09/astrox100tour-500x500-1.webp,10,yes,no,taxable,standard,
,simple,ASTROX-77-PLAY-HIGH-G5,ASTROX 77 PLAY HIGH G5,1,ASTROX 77 PLAY HIGH G5 - high-quality Racket in the Badminton category.,ASTROX 77 PLAY HIGH G5 is a premium Racket designed for Badminton training and matches. Ideal for athletes and sports enthusiasts.,999,,Badminton > Racket,https://lightslategrey-monkey-361905.hostingersite.com/wp-content/uploads/2026/09/ax77-play-shaft-1200x1200-1.webp,10,yes,no,taxable,standard,
,simple,ASTROX-88D-TOUR,ASTROX 88D TOUR,1,ASTROX 88D TOUR - high-quality Racket in the Badminton category.,ASTROX 88D TOUR is a premium Racket designed for Badminton training and matches. Ideal for athletes and sports enthusiasts.,999,,Badminton > Racket,https://lightslategrey-monkey-361905.hostingersite.com/wp-content/uploads/2026/09/astrox-88D-tour.webp,10,yes,no,taxable,standard,
,simple,ASTROX-99-TOUR,ASTROX 99 TOUR,1,ASTROX 99 TOUR - high-quality Racket in the Badminton category.,ASTROX 99 TOUR is a premium Racket designed for Badminton training and matches. Ideal for athletes and sports enthusiasts.,999,,Badminton > Racket,https://lightslategrey-monkey-361905.hostingersite.com/wp-content/uploads/2026/09/astrox-99-tour.webp,10,yes,no,taxable,standard,
,simple,ASTROX-ATTACK-10-DG,ASTROX ATTACK 10 DG,1,ASTROX ATTACK 10 DG - high-quality Racket in the Badminton category.,ASTROX ATTACK 10 DG is a premium Racket designed for Badminton training and matches. Ideal for athletes and sports enthusiasts.,999,,Badminton > Racket,https://lightslategrey-monkey-361905.hostingersite.com/wp-content/uploads/2026/09/yonex-astrox-10-dg-badminton-racquet-head-view.webp,10,yes,no,taxable,standard,
,simple,ASTROX-LITE-37I-5U,ASTROX LITE 37I 5U,1,ASTROX LITE 37I 5U - high-quality Racket in the Badminton category.,ASTROX LITE 37I 5U is a premium Racket designed for Badminton training and matches. Ideal for athletes and sports enthusiasts.,999,,Badminton > Racket,https://lightslategrey-monkey-361905.hostingersite.com/wp-content/uploads/2026/09/Astrox-Lite-37i-badminton-racquet.jpg,10,yes,no,taxable,standard,
,simple,AX-ATTACK-9,AX ATTACK 9,1,AX ATTACK 9 - high-quality Racket in the Badminton category.,AX ATTACK 9 is a premium Racket designed for Badminton training and matches. Ideal for athletes and sports enthusiasts.,999,,Badminton > Racket,https://lightslategrey-monkey-361905.hostingersite.com/wp-content/uploads/2026/09/Astrox_Attack_1.webp,10,yes,no,taxable,standard,
,simple,BAASKET-BALL-BD-SMALL,BAASKET BALL BD SMALL,1,BAASKET BALL BD SMALL - high-quality product in the Baskatball category.,BAASKET BALL BD SMALL is a premium product designed for Baskatball training and matches. Ideal for athletes and sports enthusiasts.,999,,Baskatball,https://placehold.co/600x600/f5f5f5/333333.png?text=BAASKET%20BALL%20BD%20SMALL,10,yes,no,taxable,standard,
,simple,BABY-HURDLES,BABY HURDLES,1,BABY HURDLES - high-quality product in the Fitness category.,BABY HURDLES is a premium product designed for Fitness training and matches. Ideal for athletes and sports enthusiasts.,999,,Fitness,https://placehold.co/600x600/f5f5f5/333333.png?text=BABY%20HURDLES,10,yes,no,taxable,standard,
,simple,BADMINTON-KIT-BAG,BADMINTON KIT BAG,1,BADMINTON KIT BAG - high-quality Kit bag in the Badminton category.,BADMINTON KIT BAG is a premium Kit bag designed for Badminton training and matches. Ideal for athletes and sports enthusiasts.,999,,Badminton > Kit bag,https://placehold.co/600x600/f5f5f5/333333.png?text=BADMINTON%20KIT%20BAG,10,yes,no,taxable,standard,
,simple,BADMINTON-KITS-GOLD,BADMINTON KITS GOLD,1,BADMINTON KITS GOLD - high-quality Kit bag in the Badminton category.,BADMINTON KITS GOLD is a premium Kit bag designed for Badminton training and matches. Ideal for athletes and sports enthusiasts.,999,,Badminton > Kit bag,https://placehold.co/600x600/f5f5f5/333333.png?text=BADMINTON%20KITS%20GOLD,10,yes,no,taxable,standard,
,simple,BADMINTON-SHOE-HALBERD-STRIKE,BADMINTON SHOE HALBERD STRIKE,1,BADMINTON SHOE HALBERD STRIKE - high-quality Shoe in the Badminton category.,BADMINTON SHOE HALBERD STRIKE is a premium Shoe designed for Badminton training and matches. Ideal for athletes and sports enthusiasts.,999,,Badminton > Shoe,https://placehold.co/600x600/f5f5f5/333333.png?text=BADMINTON%20SHOE%20HALBERD%20STRIKE,10,yes,no,taxable,standard,
,simple,BASKET-BALL,BASKET BALL,1,BASKET BALL - high-quality product in the Baskatball category.,BASKET BALL is a premium product designed for Baskatball training and matches. Ideal for athletes and sports enthusiasts.,999,,Baskatball,https://placehold.co/600x600/f5f5f5/333333.png?text=BASKET%20BALL,10,yes,no,taxable,standard,
,simple,BASKET-BALL-BD-BIG,BASKET BALL BD BIG,1,BASKET BALL BD BIG - high-quality product in the Baskatball category.,BASKET BALL BD BIG is a premium product designed for Baskatball training and matches. Ideal for athletes and sports enthusiasts.,999,,Baskatball,https://placehold.co/600x600/f5f5f5/333333.png?text=BASKET%20BALL%20BD%20BIG,10,yes,no,taxable,standard,
,simple,BASKET-BALL-BD-MEDIUM,BASKET BALL BD MEDIUM,1,BASKET BALL BD MEDIUM - high-quality product in the Baskatball category.,BASKET BALL BD MEDIUM is a premium product designed for Baskatball training and matches. Ideal for athletes and sports enthusiasts.,999,,Baskatball,https://placehold.co/600x600/f5f5f5/333333.png?text=BASKET%20BALL%20BD%20MEDIUM,10,yes,no,taxable,standard,
,simple,BATTING-GLOVE-RSD-PROLITE,BATTING GLOVE RSD PROLITE,1,BATTING GLOVE RSD PROLITE - high-quality product in the Cricket category.,BATTING GLOVE RSD PROLITE is a premium product designed for Cricket training and matches. Ideal for athletes and sports enthusiasts.,999,,Cricket,https://placehold.co/600x600/f5f5f5/333333.png?text=BATTING%20GLOVE%20RSD%20PROLITE,10,yes,no,taxable,standard,
,simple,BATTING-GLOVE-XTREME-M-LH,BATTING GLOVE XTREME M LH,1,BATTING GLOVE XTREME M LH - high-quality product in the Cricket category.,BATTING GLOVE XTREME M LH is a premium product designed for Cricket training and matches. Ideal for athletes and sports enthusiasts.,999,,Cricket,https://placehold.co/600x600/f5f5f5/333333.png?text=BATTING%20GLOVE%20XTREME%20M%20LH,10,yes,no,taxable,standard,
,simple,BATTING-GLOVES-BLAZE-LITE,BATTING GLOVES BLAZE LITE,1,BATTING GLOVES BLAZE LITE - high-quality product in the Cricket category.,BATTING GLOVES BLAZE LITE is a premium product designed for Cricket training and matches. Ideal for athletes and sports enthusiasts.,999,,Cricket,https://placehold.co/600x600/f5f5f5/333333.png?text=BATTING%20GLOVES%20BLAZE%20LITE,10,yes,no,taxable,standard,
,simple,BATTING-GLOVES-CLUBLITE-MEN,BATTING GLOVES CLUBLITE MEN,1,BATTING GLOVES CLUBLITE MEN - high-quality product in the Cricket category.,BATTING GLOVES CLUBLITE MEN is a premium product designed for Cricket training and matches. Ideal for athletes and sports enthusiasts.,999,,Cricket,https://placehold.co/600x600/f5f5f5/333333.png?text=BATTING%20GLOVES%20CLUBLITE%20MEN,10,yes,no,taxable,standard,
,simple,BATTING-GLOVES-JUNIOR,BATTING GLOVES JUNIOR,1,BATTING GLOVES JUNIOR - high-quality product in the Cricket category.,BATTING GLOVES JUNIOR is a premium product designed for Cricket training and matches. Ideal for athletes and sports enthusiasts.,999,,Cricket,https://placehold.co/600x600/f5f5f5/333333.png?text=BATTING%20GLOVES%20JUNIOR,10,yes,no,taxable,standard,
,simple,BATTING-GLOVES-SUPER-LITE,BATTING GLOVES SUPER LITE,1,BATTING GLOVES SUPER LITE - high-quality product in the Cricket category.,BATTING GLOVES SUPER LITE is a premium product designed for Cricket training and matches. Ideal for athletes and sports enthusiasts.,999,,Cricket,https://placehold.co/600x600/f5f5f5/333333.png?text=BATTING%20GLOVES%20SUPER%20LITE,10,yes,no,taxable,standard,
,simple,BATTING-GLOVES-TON-999,BATTING GLOVES TON 999,1,BATTING GLOVES TON 999 - high-quality product in the Cricket category.,BATTING GLOVES TON 999 is a premium product designed for Cricket training and matches. Ideal for athletes and sports enthusiasts.,999,,Cricket,https://placehold.co/600x600/f5f5f5/333333.png?text=BATTING%20GLOVES%20TON%20999,10,yes,no,taxable,standard,
,simple,BEACH-VOLLEY-BALL,BEACH VOLLEY BALL,1,BEACH VOLLEY BALL - high-quality product in the Volley ball category.,BEACH VOLLEY BALL is a premium product designed for Volley ball training and matches. Ideal for athletes and sports enthusiasts.,999,,Volley ball,https://placehold.co/600x600/f5f5f5/333333.png?text=BEACH%20VOLLEY%20BALL,10,yes,no,taxable,standard,
,simple,BG65,BG65,1,BG65 - high-quality String in the Badminton category.,BG65 is a premium String designed for Badminton training and matches. Ideal for athletes and sports enthusiasts.,999,,Badminton > String,https://placehold.co/600x600/f5f5f5/333333.png?text=BG65,10,yes,no,taxable,standard,
,simple,BG65-GUTTING,BG65 GUTTING,1,BG65 GUTTING - high-quality String in the Badminton category.,BG65 GUTTING is a premium String designed for Badminton training and matches. Ideal for athletes and sports enthusiasts.,999,,Badminton > String,https://placehold.co/600x600/f5f5f5/333333.png?text=BG65%20GUTTING,10,yes,no,taxable,standard,
,simple,BG65-TI-GUTTING,BG65 TI GUTTING,1,BG65 TI GUTTING - high-quality String in the Badminton category.,BG65 TI GUTTING is a premium String designed for Badminton training and matches. Ideal for athletes and sports enthusiasts.,999,,Badminton > String,https://placehold.co/600x600/f5f5f5/333333.png?text=BG65%20TI%20GUTTING,10,yes,no,taxable,standard,
,simple,BG65TI,BG65TI,1,BG65TI - high-quality String in the Badminton category.,BG65TI is a premium String designed for Badminton training and matches. Ideal for athletes and sports enthusiasts.,999,,Badminton > String,https://placehold.co/600x600/f5f5f5/333333.png?text=BG65TI,10,yes,no,taxable,standard,
,simple,BG66,BG66,1,BG66 - high-quality String in the Badminton category.,BG66 is a premium String designed for Badminton training and matches. Ideal for athletes and sports enthusiasts.,999,,Badminton > String,https://placehold.co/600x600/f5f5f5/333333.png?text=BG66,10,yes,no,taxable,standard,
,simple,BG80,BG80,1,BG80 - high-quality product in the Badminton category.,BG80 is a premium product designed for Badminton training and matches. Ideal for athletes and sports enthusiasts.,999,,Badminton,https://placehold.co/600x600/f5f5f5/333333.png?text=BG80,10,yes,no,taxable,standard,
,simple,BLADE-ARMOR,BLADE ARMOR,1,BLADE ARMOR - high-quality Racket in the Badminton category.,BLADE ARMOR is a premium Racket designed for Badminton training and matches. Ideal for athletes and sports enthusiasts.,999,,Badminton > Racket,https://placehold.co/600x600/f5f5f5/333333.png?text=BLADE%20ARMOR,10,yes,no,taxable,standard,
,simple,BLADE-LITE-II,BLADE LITE II,1,BLADE LITE II - high-quality Racket in the Badminton category.,BLADE LITE II is a premium Racket designed for Badminton training and matches. Ideal for athletes and sports enthusiasts.,999,,Badminton > Racket,https://placehold.co/600x600/f5f5f5/333333.png?text=BLADE%20LITE%20II,10,yes,no,taxable,standard,
,simple,BLADE-PRO,BLADE PRO,1,BLADE PRO - high-quality Racket in the Badminton category.,BLADE PRO is a premium Racket designed for Badminton training and matches. Ideal for athletes and sports enthusiasts.,999,,Badminton > Racket,https://placehold.co/600x600/f5f5f5/333333.png?text=BLADE%20PRO,10,yes,no,taxable,standard,
,simple,C-BAT-K-W-PLAYERS-SIZE-6,C/BAT K/W PLAYERS SIZE 6,1,C/BAT K/W PLAYERS SIZE 6 - high-quality product in the Cricket category.,C/BAT K/W PLAYERS SIZE 6 is a premium product designed for Cricket training and matches. Ideal for athletes and sports enthusiasts.,999,,Cricket,https://placehold.co/600x600/f5f5f5/333333.png?text=C%2FBAT%20K%2FW%20PLAYERS%20SIZE%206,10,yes,no,taxable,standard,
,simple,C-BAT-KW-SCORER-CLASSIC-6,C/BAT/KW SCORER CLASSIC 6,1,C/BAT/KW SCORER CLASSIC 6 - high-quality product in the Cricket category.,C/BAT/KW SCORER CLASSIC 6 is a premium product designed for Cricket training and matches. Ideal for athletes and sports enthusiasts.,999,,Cricket,https://placehold.co/600x600/f5f5f5/333333.png?text=C%2FBAT%2FKW%20SCORER%20CLASSIC%206,10,yes,no,taxable,standard,
,simple,CAP-CSK,CAP CSK,1,CAP CSK - high-quality product in the Cricket category.,CAP CSK is a premium product designed for Cricket training and matches. Ideal for athletes and sports enthusiasts.,999,,Cricket,https://placehold.co/600x600/f5f5f5/333333.png?text=CAP%20CSK,10,yes,no,taxable,standard,
,simple,CARBOTEK-1000,CARBOTEK 1000,1,CARBOTEK 1000 - high-quality product in the Cricket category.,CARBOTEK 1000 is a premium product designed for Cricket training and matches. Ideal for athletes and sports enthusiasts.,999,,Cricket,https://placehold.co/600x600/f5f5f5/333333.png?text=CARBOTEK%201000,10,yes,no,taxable,standard,
,simple,CARBOTEK-1000-SET-OF-2,CARBOTEK 1000 SET OF 2,1,CARBOTEK 1000 SET OF 2 - high-quality product in the Cricket category.,CARBOTEK 1000 SET OF 2 is a premium product designed for Cricket training and matches. Ideal for athletes and sports enthusiasts.,999,,Cricket,https://placehold.co/600x600/f5f5f5/333333.png?text=CARBOTEK%201000%20SET%20OF%202,10,yes,no,taxable,standard,
,simple,CAST-IRON-DUMBELLS-1-KG,CAST IRON DUMBELLS 1 KG,1,CAST IRON DUMBELLS 1 KG - high-quality product in the Dumbells category.,CAST IRON DUMBELLS 1 KG is a premium product designed for Dumbells training and matches. Ideal for athletes and sports enthusiasts.,999,,Dumbells,https://placehold.co/600x600/f5f5f5/333333.png?text=CAST%20IRON%20DUMBELLS%201%20KG,10,yes,no,taxable,standard,
,simple,CHESS-BOARD,CHESS BOARD,1,CHESS BOARD - high-quality product in the Chess category.,CHESS BOARD is a premium product designed for Chess training and matches. Ideal for athletes and sports enthusiasts.,999,,Chess,https://placehold.co/600x600/f5f5f5/333333.png?text=CHESS%20BOARD,10,yes,no,taxable,standard,
,simple,CHESS-BOARD-VIXEN,CHESS BOARD VIXEN,1,CHESS BOARD VIXEN - high-quality product in the Chess category.,CHESS BOARD VIXEN is a premium product designed for Chess training and matches. Ideal for athletes and sports enthusiasts.,999,,Chess,https://placehold.co/600x600/f5f5f5/333333.png?text=CHESS%20BOARD%20VIXEN,10,yes,no,taxable,standard,
,simple,CHESS-COINS-VELVET,CHESS COINS VELVET,1,CHESS COINS VELVET - high-quality product in the Chess category.,CHESS COINS VELVET is a premium product designed for Chess training and matches. Ideal for athletes and sports enthusiasts.,999,,Chess,https://placehold.co/600x600/f5f5f5/333333.png?text=CHESS%20COINS%20VELVET,10,yes,no,taxable,standard,
,simple,CHESS-MASTER-COINS,CHESS MASTER COINS,1,CHESS MASTER COINS - high-quality product in the Chess category.,CHESS MASTER COINS is a premium product designed for Chess training and matches. Ideal for athletes and sports enthusiasts.,999,,Chess,https://placehold.co/600x600/f5f5f5/333333.png?text=CHESS%20MASTER%20COINS,10,yes,no,taxable,standard,
,simple,CHESS-MAT,CHESS MAT,1,CHESS MAT - high-quality product in the Chess category.,CHESS MAT is a premium product designed for Chess training and matches. Ideal for athletes and sports enthusiasts.,999,,Chess,https://placehold.co/600x600/f5f5f5/333333.png?text=CHESS%20MAT,10,yes,no,taxable,standard,
,simple,CHINA-FOAM-ROLL-SMALL,CHINA FOAM ROLL SMALL,1,CHINA FOAM ROLL SMALL - high-quality product in the Fitness category.,CHINA FOAM ROLL SMALL is a premium product designed for Fitness training and matches. Ideal for athletes and sports enthusiasts.,999,,Fitness,https://placehold.co/600x600/f5f5f5/333333.png?text=CHINA%20FOAM%20ROLL%20SMALL,10,yes,no,taxable,standard,
,simple,COCK-NYLON-T-500,COCK NYLON T-500,1,COCK NYLON T-500 - high-quality Cork in the Badminton category.,COCK NYLON T-500 is a premium Cork designed for Badminton training and matches. Ideal for athletes and sports enthusiasts.,999,,Badminton > Cork,https://placehold.co/600x600/f5f5f5/333333.png?text=COCK%20NYLON%20T-500,10,yes,no,taxable,standard,
,simple,COMPRESSION-SHORTS,COMPRESSION SHORTS,1,COMPRESSION SHORTS - high-quality product in the Clothing category.,COMPRESSION SHORTS is a premium product designed for Clothing training and matches. Ideal for athletes and sports enthusiasts.,999,,Clothing,https://placehold.co/600x600/f5f5f5/333333.png?text=COMPRESSION%20SHORTS,10,yes,no,taxable,standard,
,simple,COMPRESSION-TIGHTS,COMPRESSION TIGHTS,1,COMPRESSION TIGHTS - high-quality product in the Clothing category.,COMPRESSION TIGHTS is a premium product designed for Clothing training and matches. Ideal for athletes and sports enthusiasts.,999,,Clothing,https://placehold.co/600x600/f5f5f5/333333.png?text=COMPRESSION%20TIGHTS,10,yes,no,taxable,standard,
,simple,COMPRESSION-T-SHIRT,COMPRESSION T-SHIRT,1,COMPRESSION T-SHIRT - high-quality product in the Clothing category.,COMPRESSION T-SHIRT is a premium product designed for Clothing training and matches. Ideal for athletes and sports enthusiasts.,999,,Clothing,https://placehold.co/600x600/f5f5f5/333333.png?text=COMPRESSION%20T-SHIRT,10,yes,no,taxable,standard,
,simple,CORK-BALL,CORK BALL,1,CORK BALL - high-quality product in the Cricket category.,CORK BALL is a premium product designed for Cricket training and matches. Ideal for athletes and sports enthusiasts.,999,,Cricket,https://placehold.co/600x600/f5f5f5/333333.png?text=CORK%20BALL,10,yes,no,taxable,standard,
,simple,CORK-BALL-MASPRO,CORK BALL MASPRO,1,CORK BALL MASPRO - high-quality product in the Cricket category.,CORK BALL MASPRO is a premium product designed for Cricket training and matches. Ideal for athletes and sports enthusiasts.,999,,Cricket,https://placehold.co/600x600/f5f5f5/333333.png?text=CORK%20BALL%20MASPRO,10,yes,no,taxable,standard,
,simple,COSCO-B-BALL-MULTI-3,COSCO B/BALL MULTI 3,1,COSCO B/BALL MULTI 3 - high-quality product in the Baskatball category.,COSCO B/BALL MULTI 3 is a premium product designed for Baskatball training and matches. Ideal for athletes and sports enthusiasts.,999,,Baskatball,https://placehold.co/600x600/f5f5f5/333333.png?text=COSCO%20B%2FBALL%20MULTI%203,10,yes,no,taxable,standard,
,simple,COSCO-B-BALL-SUPER-MINI-5,COSCO B/BALL SUPER MINI 5,1,COSCO B/BALL SUPER MINI 5 - high-quality product in the Baskatball category.,COSCO B/BALL SUPER MINI 5 is a premium product designed for Baskatball training and matches. Ideal for athletes and sports enthusiasts.,999,,Baskatball,https://placehold.co/600x600/f5f5f5/333333.png?text=COSCO%20B%2FBALL%20SUPER%20MINI%205,10,yes,no,taxable,standard,
,simple,COSMOGEAR-KIT-BAG,COSMOGEAR KIT BAG,1,COSMOGEAR KIT BAG - high-quality product in the kit bag category.,COSMOGEAR KIT BAG is a premium product designed for kit bag training and matches. Ideal for athletes and sports enthusiasts.,999,,kit bag,https://placehold.co/600x600/f5f5f5/333333.png?text=COSMOGEAR%20KIT%20BAG,10,yes,no,taxable,standard,
,simple,COURT-FLYER-SHOE,COURT FLYER SHOE,1,COURT FLYER SHOE - high-quality Shoe in the Badminton category.,COURT FLYER SHOE is a premium Shoe designed for Badminton training and matches. Ideal for athletes and sports enthusiasts.,999,,Badminton > Shoe,https://placehold.co/600x600/f5f5f5/333333.png?text=COURT%20FLYER%20SHOE,10,yes,no,taxable,standard,
,simple,COURT-STAR-PRO-UK-11,COURT STAR PRO UK-11,1,COURT STAR PRO UK-11 - high-quality Shoe in the Badminton category.,COURT STAR PRO UK-11 is a premium Shoe designed for Badminton training and matches. Ideal for athletes and sports enthusiasts.,999,,Badminton > Shoe,https://placehold.co/600x600/f5f5f5/333333.png?text=COURT%20STAR%20PRO%20UK-11,10,yes,no,taxable,standard,
,simple,COURT-STARPRO-UK-6,COURT STARPRO - UK 6,1,COURT STARPRO - UK 6 - high-quality Shoe in the Badminton category.,COURT STARPRO - UK 6 is a premium Shoe designed for Badminton training and matches. Ideal for athletes and sports enthusiasts.,999,,Badminton > Shoe,https://placehold.co/600x600/f5f5f5/333333.png?text=COURT%20STARPRO%20-%20UK%206,10,yes,no,taxable,standard,
,simple,COURT-STARPRO-UK-10,COURT STARPRO -UK 10,1,COURT STARPRO -UK 10 - high-quality Shoe in the Badminton category.,COURT STARPRO -UK 10 is a premium Shoe designed for Badminton training and matches. Ideal for athletes and sports enthusiasts.,999,,Badminton > Shoe,https://placehold.co/600x600/f5f5f5/333333.png?text=COURT%20STARPRO%20-UK%2010,10,yes,no,taxable,standard,
,simple,COURT-STARPRO-UK-7,COURT STARPRO -UK 7,1,COURT STARPRO -UK 7 - high-quality Shoe in the Badminton category.,COURT STARPRO -UK 7 is a premium Shoe designed for Badminton training and matches. Ideal for athletes and sports enthusiasts.,999,,Badminton > Shoe,https://placehold.co/600x600/f5f5f5/333333.png?text=COURT%20STARPRO%20-UK%207,10,yes,no,taxable,standard,
,simple,COURT-STARPRO-UK-9,COURT STARPRO -UK 9,1,COURT STARPRO -UK 9 - high-quality Shoe in the Badminton category.,COURT STARPRO -UK 9 is a premium Shoe designed for Badminton training and matches. Ideal for athletes and sports enthusiasts.,999,,Badminton > Shoe,https://placehold.co/600x600/f5f5f5/333333.png?text=COURT%20STARPRO%20-UK%209,10,yes,no,taxable,standard,
,simple,COURT-STATPRO-UK-8,COURT STATPRO - UK 8,1,COURT STATPRO - UK 8 - high-quality Shoe in the Badminton category.,COURT STATPRO - UK 8 is a premium Shoe designed for Badminton training and matches. Ideal for athletes and sports enthusiasts.,999,,Badminton > Shoe,https://placehold.co/600x600/f5f5f5/333333.png?text=COURT%20STATPRO%20-%20UK%208,10,yes,no,taxable,standard,
,simple,CR-BALL-TRUE-TEST,CR BALL TRUE TEST,1,CR BALL TRUE TEST - high-quality product in the Cricket category.,CR BALL TRUE TEST is a premium product designed for Cricket training and matches. Ideal for athletes and sports enthusiasts.,999,,Cricket,https://placehold.co/600x600/f5f5f5/333333.png?text=CR%20BALL%20TRUE%20TEST,10,yes,no,taxable,standard,
,simple,CR-BAT-KW-GUSTY-NO-4,CR BAT KW GUSTY NO 4,1,CR BAT KW GUSTY NO 4 - high-quality product in the Cricket category.,CR BAT KW GUSTY NO 4 is a premium product designed for Cricket training and matches. Ideal for athletes and sports enthusiasts.,999,,Cricket,https://placehold.co/600x600/f5f5f5/333333.png?text=CR%20BAT%20KW%20GUSTY%20NO%204,10,yes,no,taxable,standard,
,simple,CR-BAT-LANKHA,CR BAT LANKHA,1,CR BAT LANKHA - high-quality product in the Cricket category.,CR BAT LANKHA is a premium product designed for Cricket training and matches. Ideal for athletes and sports enthusiasts.,999,,Cricket,https://placehold.co/600x600/f5f5f5/333333.png?text=CR%20BAT%20LANKHA,10,yes,no,taxable,standard,
,simple,CR-BAT-SF-ATOMOS-NO5,CR BAT SF ATOMOS NO5,1,CR BAT SF ATOMOS NO5 - high-quality product in the Cricket category.,CR BAT SF ATOMOS NO5 is a premium product designed for Cricket training and matches. Ideal for athletes and sports enthusiasts.,999,,Cricket,https://placehold.co/600x600/f5f5f5/333333.png?text=CR%20BAT%20SF%20ATOMOS%20NO5,10,yes,no,taxable,standard,
,simple,CR-BAT-SIERRA-NO3,CR BAT SIERRA NO3,1,CR BAT SIERRA NO3 - high-quality product in the Cricket category.,CR BAT SIERRA NO3 is a premium product designed for Cricket training and matches. Ideal for athletes and sports enthusiasts.,999,,Cricket,https://placehold.co/600x600/f5f5f5/333333.png?text=CR%20BAT%20SIERRA%20NO3,10,yes,no,taxable,standard,
,simple,CR-BAT-SIERRA-PLUS-NO5,CR BAT SIERRA PLUS NO5,1,CR BAT SIERRA PLUS NO5 - high-quality product in the Cricket category.,CR BAT SIERRA PLUS NO5 is a premium product designed for Cricket training and matches. Ideal for athletes and sports enthusiasts.,999,,Cricket,https://placehold.co/600x600/f5f5f5/333333.png?text=CR%20BAT%20SIERRA%20PLUS%20NO5,10,yes,no,taxable,standard,
,simple,CR-BAT-SS-TON-MAXIMUS-NO4,CR BAT SS TON MAXIMUS NO4,1,CR BAT SS TON MAXIMUS NO4 - high-quality product in the Cricket category.,CR BAT SS TON MAXIMUS NO4 is a premium product designed for Cricket training and matches. Ideal for athletes and sports enthusiasts.,999,,Cricket,https://placehold.co/600x600/f5f5f5/333333.png?text=CR%20BAT%20SS%20TON%20MAXIMUS%20NO4,10,yes,no,taxable,standard,
,simple,CR-BAT-SS-VINTAGE-NO6,CR BAT SS VINTAGE NO6,1,CR BAT SS VINTAGE NO6 - high-quality product in the Cricket category.,CR BAT SS VINTAGE NO6 is a premium product designed for Cricket training and matches. Ideal for athletes and sports enthusiasts.,999,,Cricket,https://placehold.co/600x600/f5f5f5/333333.png?text=CR%20BAT%20SS%20VINTAGE%20NO6,10,yes,no,taxable,standard,
,simple,CR-BAT-WILLOW-SCOPE-AUTOGRAPH,CR BAT WILLOW SCOPE AUTOGRAPH,1,CR BAT WILLOW SCOPE AUTOGRAPH - high-quality product in the Cricket category.,CR BAT WILLOW SCOPE AUTOGRAPH is a premium product designed for Cricket training and matches. Ideal for athletes and sports enthusiasts.,999,,Cricket,https://placehold.co/600x600/f5f5f5/333333.png?text=CR%20BAT%20WILLOW%20SCOPE%20AUTOGRAPH,10,yes,no,taxable,standard,
,simple,CR-BATTING-GLOVES-LH-MEN,CR BATTING GLOVES LH MEN,1,CR BATTING GLOVES LH MEN - high-quality product in the Cricket category.,CR BATTING GLOVES LH MEN is a premium product designed for Cricket training and matches. Ideal for athletes and sports enthusiasts.,999,,Cricket,https://placehold.co/600x600/f5f5f5/333333.png?text=CR%20BATTING%20GLOVES%20LH%20MEN,10,yes,no,taxable,standard,
,simple,CR-GRIP-COIL-ROUND-ENKAY,CR GRIP COIL ROUND ENKAY,1,CR GRIP COIL ROUND ENKAY - high-quality product in the Cricket category.,CR GRIP COIL ROUND ENKAY is a premium product designed for Cricket training and matches. Ideal for athletes and sports enthusiasts.,999,,Cricket,https://placehold.co/600x600/f5f5f5/333333.png?text=CR%20GRIP%20COIL%20ROUND%20ENKAY,10,yes,no,taxable,standard,
,simple,CR-GRIP-DYNAMIC,CR GRIP DYNAMIC,1,CR GRIP DYNAMIC - high-quality product in the Cricket category.,CR GRIP DYNAMIC is a premium product designed for Cricket training and matches. Ideal for athletes and sports enthusiasts.,999,,Cricket,https://placehold.co/600x600/f5f5f5/333333.png?text=CR%20GRIP%20DYNAMIC,10,yes,no,taxable,standard,
,simple,CR-INNER-GLOVES-BOYS,CR INNER GLOVES BOYS,1,CR INNER GLOVES BOYS - high-quality product in the Cricket category.,CR INNER GLOVES BOYS is a premium product designed for Cricket training and matches. Ideal for athletes and sports enthusiasts.,999,,Cricket,https://placehold.co/600x600/f5f5f5/333333.png?text=CR%20INNER%20GLOVES%20BOYS,10,yes,no,taxable,standard,
,simple,CR-KIT-BAG-JUNIOR,CR KIT BAG JUNIOR,1,CR KIT BAG JUNIOR - high-quality product in the Cricket category.,CR KIT BAG JUNIOR is a premium product designed for Cricket training and matches. Ideal for athletes and sports enthusiasts.,999,,Cricket,https://placehold.co/600x600/f5f5f5/333333.png?text=CR%20KIT%20BAG%20JUNIOR,10,yes,no,taxable,standard,
,simple,CR-KIT-BAG-LD-JUNIOR,CR KIT BAG LD JUNIOR,1,CR KIT BAG LD JUNIOR - high-quality product in the Cricket category.,CR KIT BAG LD JUNIOR is a premium product designed for Cricket training and matches. Ideal for athletes and sports enthusiasts.,999,,Cricket,https://placehold.co/600x600/f5f5f5/333333.png?text=CR%20KIT%20BAG%20LD%20JUNIOR,10,yes,no,taxable,standard,
,simple,CR-KIT-BAG-SG-KLR-DUFFLE-BOYS,CR KIT BAG SG KLR DUFFLE BOYS,1,CR KIT BAG SG KLR DUFFLE BOYS - high-quality product in the Cricket category.,CR KIT BAG SG KLR DUFFLE BOYS is a premium product designed for Cricket training and matches. Ideal for athletes and sports enthusiasts.,999,,Cricket,https://placehold.co/600x600/f5f5f5/333333.png?text=CR%20KIT%20BAG%20SG%20KLR%20DUFFLE%20BOYS,10,yes,no,taxable,standard,
,simple,CR-KW-SKY-STRIKER-NO4,CR KW SKY STRIKER NO4,1,CR KW SKY STRIKER NO4 - high-quality product in the Cricket category.,CR KW SKY STRIKER NO4 is a premium product designed for Cricket training and matches. Ideal for athletes and sports enthusiasts.,999,,Cricket,https://placehold.co/600x600/f5f5f5/333333.png?text=CR%20KW%20SKY%20STRIKER%20NO4,10,yes,no,taxable,standard,
,simple,CR-SLVEES,CR SLVEES,1,CR SLVEES - high-quality product in the Cricket category.,CR SLVEES is a premium product designed for Cricket training and matches. Ideal for athletes and sports enthusiasts.,999,,Cricket,https://placehold.co/600x600/f5f5f5/333333.png?text=CR%20SLVEES,10,yes,no,taxable,standard,
,simple,CR-T-SHIRT-WHITE-HF,CR T-SHIRT WHITE HF,1,CR T-SHIRT WHITE HF - high-quality product in the Cricket category.,CR T-SHIRT WHITE HF is a premium product designed for Cricket training and matches. Ideal for athletes and sports enthusiasts.,999,,Cricket,https://placehold.co/600x600/f5f5f5/333333.png?text=CR%20T-SHIRT%20WHITE%20HF,10,yes,no,taxable,standard,
,simple,CRICKET-BALL-YORKER-WHITE,CRICKET BALL YORKER WHITE,1,CRICKET BALL YORKER WHITE - high-quality product in the Cricket category.,CRICKET BALL YORKER WHITE is a premium product designed for Cricket training and matches. Ideal for athletes and sports enthusiasts.,999,,Cricket,https://placehold.co/600x600/f5f5f5/333333.png?text=CRICKET%20BALL%20YORKER%20WHITE,10,yes,no,taxable,standard,
,simple,CRICKET-BATTING-GLOVE-BOYS,CRICKET BATTING GLOVE BOYS,1,CRICKET BATTING GLOVE BOYS - high-quality product in the Cricket category.,CRICKET BATTING GLOVE BOYS is a premium product designed for Cricket training and matches. Ideal for athletes and sports enthusiasts.,999,,Cricket,https://placehold.co/600x600/f5f5f5/333333.png?text=CRICKET%20BATTING%20GLOVE%20BOYS,10,yes,no,taxable,standard,
,simple,CRICKET-BATTING-GLOVERS-YOUTH,CRICKET BATTING GLOVERS YOUTH,1,CRICKET BATTING GLOVERS YOUTH - high-quality product in the Cricket category.,CRICKET BATTING GLOVERS YOUTH is a premium product designed for Cricket training and matches. Ideal for athletes and sports enthusiasts.,999,,Cricket,https://placehold.co/600x600/f5f5f5/333333.png?text=CRICKET%20BATTING%20GLOVERS%20YOUTH,10,yes,no,taxable,standard,
,simple,CRICKET-GRIP-HRA-MULTI,CRICKET GRIP HRA MULTI,1,CRICKET GRIP HRA MULTI - high-quality product in the Cricket category.,CRICKET GRIP HRA MULTI is a premium product designed for Cricket training and matches. Ideal for athletes and sports enthusiasts.,999,,Cricket,https://placehold.co/600x600/f5f5f5/333333.png?text=CRICKET%20GRIP%20HRA%20MULTI,10,yes,no,taxable,standard,
,simple,CRICKET-GRIP-HRS,CRICKET GRIP HRS,1,CRICKET GRIP HRS - high-quality product in the Cricket category.,CRICKET GRIP HRS is a premium product designed for Cricket training and matches. Ideal for athletes and sports enthusiasts.,999,,Cricket,https://placehold.co/600x600/f5f5f5/333333.png?text=CRICKET%20GRIP%20HRS,10,yes,no,taxable,standard,
,simple,CRICKET-HELMET,CRICKET HELMET,1,CRICKET HELMET - high-quality product in the Cricket category.,CRICKET HELMET is a premium product designed for Cricket training and matches. Ideal for athletes and sports enthusiasts.,999,,Cricket,https://placehold.co/600x600/f5f5f5/333333.png?text=CRICKET%20HELMET,10,yes,no,taxable,standard,
,simple,CRICKET-SET-FOUR-STUMP-BAT-NO-2,CRICKET SET FOUR STUMP & BAT NO 2,1,CRICKET SET FOUR STUMP & BAT NO 2 - high-quality product in the Cricket category.,CRICKET SET FOUR STUMP & BAT NO 2 is a premium product designed for Cricket training and matches. Ideal for athletes and sports enthusiasts.,999,,Cricket,https://placehold.co/600x600/f5f5f5/333333.png?text=CRICKET%20SET%20FOUR%20STUMP%20%26%20BAT%20N,10,yes,no,taxable,standard,
,simple,CRICKET-SHOE-SPIKES,CRICKET SHOE SPIKES,1,CRICKET SHOE SPIKES - high-quality product in the Cricket category.,CRICKET SHOE SPIKES is a premium product designed for Cricket training and matches. Ideal for athletes and sports enthusiasts.,999,,Cricket,https://placehold.co/600x600/f5f5f5/333333.png?text=CRICKET%20SHOE%20SPIKES,10,yes,no,taxable,standard,
,simple,CRICKET-SHOES,CRICKET SHOES,1,CRICKET SHOES - high-quality product in the Cricket category.,CRICKET SHOES is a premium product designed for Cricket training and matches. Ideal for athletes and sports enthusiasts.,999,,Cricket,https://placehold.co/600x600/f5f5f5/333333.png?text=CRICKET%20SHOES,10,yes,no,taxable,standard,
,simple,CRICKET-SOCKS-JOY-KNITTS,CRICKET SOCKS JOY KNITTS,1,CRICKET SOCKS JOY KNITTS - high-quality product in the Cricket category.,CRICKET SOCKS JOY KNITTS is a premium product designed for Cricket training and matches. Ideal for athletes and sports enthusiasts.,999,,Cricket,https://placehold.co/600x600/f5f5f5/333333.png?text=CRICKET%20SOCKS%20JOY%20KNITTS,10,yes,no,taxable,standard,
,simple,CROWN-DIGITAL-SCALE-125,CROWN DIGITAL SCALE 125,1,CROWN DIGITAL SCALE 125 - high-quality product in the Genera; category.,CROWN DIGITAL SCALE 125 is a premium product designed for Genera; training and matches. Ideal for athletes and sports enthusiasts.,999,,Genera;,https://placehold.co/600x600/f5f5f5/333333.png?text=CROWN%20DIGITAL%20SCALE%20125,10,yes,no,taxable,standard,
,simple,CSK-T-SHIRT,CSK T-SHIRT,1,CSK T-SHIRT - high-quality product in the Cricket category.,CSK T-SHIRT is a premium product designed for Cricket training and matches. Ideal for athletes and sports enthusiasts.,999,,Cricket,https://placehold.co/600x600/f5f5f5/333333.png?text=CSK%20T-SHIRT,10,yes,no,taxable,standard,
,simple,CYCLING-SHORTS-LYCRA,CYCLING SHORTS LYCRA,1,CYCLING SHORTS LYCRA - high-quality product in the clothing category.,CYCLING SHORTS LYCRA is a premium product designed for clothing training and matches. Ideal for athletes and sports enthusiasts.,999,,clothing,https://placehold.co/600x600/f5f5f5/333333.png?text=CYCLING%20SHORTS%20LYCRA,10,yes,no,taxable,standard,
,simple,DISCUSS-THROW-1-5KG,DISCUSS THROW 1.5KG,1,DISCUSS THROW 1.5KG - high-quality product in the Athletics category.,DISCUSS THROW 1.5KG is a premium product designed for Athletics training and matches. Ideal for athletes and sports enthusiasts.,999,,Athletics,https://placehold.co/600x600/f5f5f5/333333.png?text=DISCUSS%20THROW%201.5KG,10,yes,no,taxable,standard,
,simple,DISCUSS-THROW-1KG,DISCUSS THROW 1KG,1,DISCUSS THROW 1KG - high-quality product in the Athletics category.,DISCUSS THROW 1KG is a premium product designed for Athletics training and matches. Ideal for athletes and sports enthusiasts.,999,,Athletics,https://placehold.co/600x600/f5f5f5/333333.png?text=DISCUSS%20THROW%201KG,10,yes,no,taxable,standard,
,simple,DOOR-WAY-BAR,DOOR WAY BAR,1,DOOR WAY BAR - high-quality product in the Fitness category.,DOOR WAY BAR is a premium product designed for Fitness training and matches. Ideal for athletes and sports enthusiasts.,999,,Fitness,https://placehold.co/600x600/f5f5f5/333333.png?text=DOOR%20WAY%20BAR,10,yes,no,taxable,standard,
,simple,DOT-KNIT-ROUND-NECK,DOT KNIT ROUND NECK,1,DOT KNIT ROUND NECK - high-quality product in the Clothing category.,DOT KNIT ROUND NECK is a premium product designed for Clothing training and matches. Ideal for athletes and sports enthusiasts.,999,,Clothing,https://placehold.co/600x600/f5f5f5/333333.png?text=DOT%20KNIT%20ROUND%20NECK,10,yes,no,taxable,standard,
,simple,DRI-FIT-MARS-POLO-T-SHIRT,DRI FIT MARS POLO T-SHIRT,1,DRI FIT MARS POLO T-SHIRT - high-quality product in the Clothing category.,DRI FIT MARS POLO T-SHIRT is a premium product designed for Clothing training and matches. Ideal for athletes and sports enthusiasts.,999,,Clothing,https://placehold.co/600x600/f5f5f5/333333.png?text=DRI%20FIT%20MARS%20POLO%20T-SHIRT,10,yes,no,taxable,standard,
,simple,DSC-CLAW,DSC CLAW,1,DSC CLAW - high-quality product in the Cricket category.,DSC CLAW is a premium product designed for Cricket training and matches. Ideal for athletes and sports enthusiasts.,999,,Cricket,https://placehold.co/600x600/f5f5f5/333333.png?text=DSC%20CLAW,10,yes,no,taxable,standard,
,simple,DSC-CRYSTAL,DSC CRYSTAL,1,DSC CRYSTAL - high-quality product in the Cricket category.,DSC CRYSTAL is a premium product designed for Cricket training and matches. Ideal for athletes and sports enthusiasts.,999,,Cricket,https://placehold.co/600x600/f5f5f5/333333.png?text=DSC%20CRYSTAL,10,yes,no,taxable,standard,
,simple,DSC-SPEED,DSC SPEED,1,DSC SPEED - high-quality product in the Cricket category.,DSC SPEED is a premium product designed for Cricket training and matches. Ideal for athletes and sports enthusiasts.,999,,Cricket,https://placehold.co/600x600/f5f5f5/333333.png?text=DSC%20SPEED,10,yes,no,taxable,standard,
,simple,DSC-TETRA,DSC TETRA,1,DSC TETRA - high-quality product in the Cricket category.,DSC TETRA is a premium product designed for Cricket training and matches. Ideal for athletes and sports enthusiasts.,999,,Cricket,https://placehold.co/600x600/f5f5f5/333333.png?text=DSC%20TETRA,10,yes,no,taxable,standard,
,simple,DSC-ZIG-ZAG,DSC ZIG ZAG,1,DSC ZIG ZAG - high-quality product in the Cricket category.,DSC ZIG ZAG is a premium product designed for Cricket training and matches. Ideal for athletes and sports enthusiasts.,999,,Cricket,https://placehold.co/600x600/f5f5f5/333333.png?text=DSC%20ZIG%20ZAG,10,yes,no,taxable,standard,
,simple,DUMBELLS-2KG,DUMBELLS 2KG,1,DUMBELLS 2KG - high-quality product in the Gym Equipments category.,DUMBELLS 2KG is a premium product designed for Gym Equipments training and matches. Ideal for athletes and sports enthusiasts.,999,,Gym Equipments,https://placehold.co/600x600/f5f5f5/333333.png?text=DUMBELLS%202KG,10,yes,no,taxable,standard,
,simple,DUMBELLS-HEX-3-KG,DUMBELLS HEX 3 KG,1,DUMBELLS HEX 3 KG - high-quality product in the Gym Equipments category.,DUMBELLS HEX 3 KG is a premium product designed for Gym Equipments training and matches. Ideal for athletes and sports enthusiasts.,999,,Gym Equipments,https://placehold.co/600x600/f5f5f5/333333.png?text=DUMBELLS%20HEX%203%20KG,10,yes,no,taxable,standard,
,simple,EL-CRICKET-SHOE,EL CRICKET SHOE,1,EL CRICKET SHOE - high-quality product in the Cricket category.,EL CRICKET SHOE is a premium product designed for Cricket training and matches. Ideal for athletes and sports enthusiasts.,999,,Cricket,https://placehold.co/600x600/f5f5f5/333333.png?text=EL%20CRICKET%20SHOE,10,yes,no,taxable,standard,
,simple,F-B-GOALKEEP-GLOVE-SPIDER,F/B GOALKEEP GLOVE SPIDER,1,F/B GOALKEEP GLOVE SPIDER - high-quality product in the Football category.,F/B GOALKEEP GLOVE SPIDER is a premium product designed for Football training and matches. Ideal for athletes and sports enthusiasts.,999,,Football,https://placehold.co/600x600/f5f5f5/333333.png?text=F%2FB%20GOALKEEP%20GLOVE%20SPIDER,10,yes,no,taxable,standard,
,simple,F-B-JERSY-MBAPPE-FRA,F/B JERSY MBAPPE FRA,1,F/B JERSY MBAPPE FRA - high-quality product in the Football category.,F/B JERSY MBAPPE FRA is a premium product designed for Football training and matches. Ideal for athletes and sports enthusiasts.,999,,Football,https://placehold.co/600x600/f5f5f5/333333.png?text=F%2FB%20JERSY%20MBAPPE%20FRA,10,yes,no,taxable,standard,
,simple,F-B-JERSY-MESSI-ARG,F/B JERSY MESSI ARG,1,F/B JERSY MESSI ARG - high-quality product in the Football category.,F/B JERSY MESSI ARG is a premium product designed for Football training and matches. Ideal for athletes and sports enthusiasts.,999,,Football,https://placehold.co/600x600/f5f5f5/333333.png?text=F%2FB%20JERSY%20MESSI%20ARG,10,yes,no,taxable,standard,
,simple,F-B-JERSY-MESSI-EMB,F/B JERSY MESSI EMB,1,F/B JERSY MESSI EMB - high-quality product in the Football category.,F/B JERSY MESSI EMB is a premium product designed for Football training and matches. Ideal for athletes and sports enthusiasts.,999,,Football,https://placehold.co/600x600/f5f5f5/333333.png?text=F%2FB%20JERSY%20MESSI%20EMB,10,yes,no,taxable,standard,
,simple,F-B-JERSY-NEYMAR-BRAZ,F/B JERSY NEYMAR BRAZ,1,F/B JERSY NEYMAR BRAZ - high-quality product in the Football category.,F/B JERSY NEYMAR BRAZ is a premium product designed for Football training and matches. Ideal for athletes and sports enthusiasts.,999,,Football,https://placehold.co/600x600/f5f5f5/333333.png?text=F%2FB%20JERSY%20NEYMAR%20BRAZ,10,yes,no,taxable,standard,
,simple,F-B-JERSY-NEYMAR-FULLKIT,F/B JERSY NEYMAR FULLKIT,1,F/B JERSY NEYMAR FULLKIT - high-quality product in the Football category.,F/B JERSY NEYMAR FULLKIT is a premium product designed for Football training and matches. Ideal for athletes and sports enthusiasts.,999,,Football,https://placehold.co/600x600/f5f5f5/333333.png?text=F%2FB%20JERSY%20NEYMAR%20FULLKIT,10,yes,no,taxable,standard,
,simple,F-B-JERSY-RONALD-PORT,F/B JERSY RONALD PORT,1,F/B JERSY RONALD PORT - high-quality product in the Football category.,F/B JERSY RONALD PORT is a premium product designed for Football training and matches. Ideal for athletes and sports enthusiasts.,999,,Football,https://placehold.co/600x600/f5f5f5/333333.png?text=F%2FB%20JERSY%20RONALD%20PORT,10,yes,no,taxable,standard,
,simple,F-BALL,F/BALL,1,F/BALL - high-quality product in the Football category.,F/BALL is a premium product designed for Football training and matches. Ideal for athletes and sports enthusiasts.,999,,Football,https://placehold.co/600x600/f5f5f5/333333.png?text=F%2FBALL,10,yes,no,taxable,standard,
,simple,F-BALL-BOOT-ANZA,F/BALL BOOT ANZA,1,F/BALL BOOT ANZA - high-quality product in the Football category.,F/BALL BOOT ANZA is a premium product designed for Football training and matches. Ideal for athletes and sports enthusiasts.,999,,Football,https://placehold.co/600x600/f5f5f5/333333.png?text=F%2FBALL%20BOOT%20ANZA,10,yes,no,taxable,standard,
,simple,F-BALL-COUNTRY-COLOUR,F/BALL COUNTRY COLOUR,1,F/BALL COUNTRY COLOUR - high-quality product in the Football category.,F/BALL COUNTRY COLOUR is a premium product designed for Football training and matches. Ideal for athletes and sports enthusiasts.,999,,Football,https://placehold.co/600x600/f5f5f5/333333.png?text=F%2FBALL%20COUNTRY%20COLOUR,10,yes,no,taxable,standard,
,simple,F-BALL-DOMINATOR,F/BALL DOMINATOR,1,F/BALL DOMINATOR - high-quality product in the Football category.,F/BALL DOMINATOR is a premium product designed for Football training and matches. Ideal for athletes and sports enthusiasts.,999,,Football,https://placehold.co/600x600/f5f5f5/333333.png?text=F%2FBALL%20DOMINATOR,10,yes,no,taxable,standard,
,simple,F-BALL-GERMANY,F/BALL GERMANY,1,F/BALL GERMANY - high-quality product in the Football category.,F/BALL GERMANY is a premium product designed for Football training and matches. Ideal for athletes and sports enthusiasts.,999,,Football,https://placehold.co/600x600/f5f5f5/333333.png?text=F%2FBALL%20GERMANY,10,yes,no,taxable,standard,
,simple,F-BALL-GLOVES-TORRIDO,F/BALL GLOVES TORRIDO,1,F/BALL GLOVES TORRIDO - high-quality product in the Football category.,F/BALL GLOVES TORRIDO is a premium product designed for Football training and matches. Ideal for athletes and sports enthusiasts.,999,,Football,https://placehold.co/600x600/f5f5f5/333333.png?text=F%2FBALL%20GLOVES%20TORRIDO,10,yes,no,taxable,standard,
,simple,F-BALL-GOALKEEPER-GLOVES,F/BALL GOALKEEPER GLOVES,1,F/BALL GOALKEEPER GLOVES - high-quality product in the Football category.,F/BALL GOALKEEPER GLOVES is a premium product designed for Football training and matches. Ideal for athletes and sports enthusiasts.,999,,Football,https://placehold.co/600x600/f5f5f5/333333.png?text=F%2FBALL%20GOALKEEPER%20GLOVES,10,yes,no,taxable,standard,
,simple,F-BALL-JERSEY-SET-SPAIN,F/BALL JERSEY SET SPAIN,1,F/BALL JERSEY SET SPAIN - high-quality product in the Football category.,F/BALL JERSEY SET SPAIN is a premium product designed for Football training and matches. Ideal for athletes and sports enthusiasts.,999,,Football,https://placehold.co/600x600/f5f5f5/333333.png?text=F%2FBALL%20JERSEY%20SET%20SPAIN,10,yes,no,taxable,standard,
,simple,F-BALL-JERSEY-SPAIN,F/BALL JERSEY SPAIN,1,F/BALL JERSEY SPAIN - high-quality product in the Football category.,F/BALL JERSEY SPAIN is a premium product designed for Football training and matches. Ideal for athletes and sports enthusiasts.,999,,Football,https://placehold.co/600x600/f5f5f5/333333.png?text=F%2FBALL%20JERSEY%20SPAIN,10,yes,no,taxable,standard,
,simple,F-BALL-JERSY-ARGENTINA,F/BALL JERSY ARGENTINA,1,F/BALL JERSY ARGENTINA - high-quality product in the Football category.,F/BALL JERSY ARGENTINA is a premium product designed for Football training and matches. Ideal for athletes and sports enthusiasts.,999,,Football,https://placehold.co/600x600/f5f5f5/333333.png?text=F%2FBALL%20JERSY%20ARGENTINA,10,yes,no,taxable,standard,
,simple,F-BALL-JERSY-BRAZIL,F/BALL JERSY BRAZIL,1,F/BALL JERSY BRAZIL - high-quality product in the Football category.,F/BALL JERSY BRAZIL is a premium product designed for Football training and matches. Ideal for athletes and sports enthusiasts.,999,,Football,https://placehold.co/600x600/f5f5f5/333333.png?text=F%2FBALL%20JERSY%20BRAZIL,10,yes,no,taxable,standard,
,simple,F-BALL-KROSS-WORLD,F/BALL KROSS WORLD,1,F/BALL KROSS WORLD - high-quality product in the Football category.,F/BALL KROSS WORLD is a premium product designed for Football training and matches. Ideal for athletes and sports enthusiasts.,999,,Football,https://placehold.co/600x600/f5f5f5/333333.png?text=F%2FBALL%20KROSS%20WORLD,10,yes,no,taxable,standard,
,simple,F-BALL-SHINNING-STAR,F/BALL SHINNING STAR,1,F/BALL SHINNING STAR - high-quality product in the Football category.,F/BALL SHINNING STAR is a premium product designed for Football training and matches. Ideal for athletes and sports enthusiasts.,999,,Football,https://placehold.co/600x600/f5f5f5/333333.png?text=F%2FBALL%20SHINNING%20STAR,10,yes,no,taxable,standard,
,simple,F-BALL-SHOE-TURF,F/BALL SHOE TURF,1,F/BALL SHOE TURF - high-quality product in the Football category.,F/BALL SHOE TURF is a premium product designed for Football training and matches. Ideal for athletes and sports enthusiasts.,999,,Football,https://placehold.co/600x600/f5f5f5/333333.png?text=F%2FBALL%20SHOE%20TURF,10,yes,no,taxable,standard,
,simple,F-BALL-SHOES,F/BALL SHOES,1,F/BALL SHOES - high-quality product in the Football category.,F/BALL SHOES is a premium product designed for Football training and matches. Ideal for athletes and sports enthusiasts.,999,,Football,https://placehold.co/600x600/f5f5f5/333333.png?text=F%2FBALL%20SHOES,10,yes,no,taxable,standard,
,simple,F-BALL-SHORTS,F/BALL SHORTS,1,F/BALL SHORTS - high-quality product in the Football category.,F/BALL SHORTS is a premium product designed for Football training and matches. Ideal for athletes and sports enthusiasts.,999,,Football,https://placehold.co/600x600/f5f5f5/333333.png?text=F%2FBALL%20SHORTS,10,yes,no,taxable,standard,
,simple,F-BALL-STOCKINGS-JOY-KNITT,F/BALL STOCKINGS JOY KNITT,1,F/BALL STOCKINGS JOY KNITT - high-quality product in the Football category.,F/BALL STOCKINGS JOY KNITT is a premium product designed for Football training and matches. Ideal for athletes and sports enthusiasts.,999,,Football,https://placehold.co/600x600/f5f5f5/333333.png?text=F%2FBALL%20STOCKINGS%20JOY%20KNITT,10,yes,no,taxable,standard,
,simple,FIBER-SHEET-MASPRO,FIBER SHEET MASPRO,1,FIBER SHEET MASPRO - high-quality product in the fiber tape category.,FIBER SHEET MASPRO is a premium product designed for fiber tape training and matches. Ideal for athletes and sports enthusiasts.,999,,fiber tape,https://placehold.co/600x600/f5f5f5/333333.png?text=FIBER%20SHEET%20MASPRO,10,yes,no,taxable,standard,
,simple,FIBER-TAPE-ATOMOS-ACE,FIBER TAPE ATOMOS ACE,1,FIBER TAPE ATOMOS ACE - high-quality product in the fiber tape category.,FIBER TAPE ATOMOS ACE is a premium product designed for fiber tape training and matches. Ideal for athletes and sports enthusiasts.,999,,fiber tape,https://placehold.co/600x600/f5f5f5/333333.png?text=FIBER%20TAPE%20ATOMOS%20ACE,10,yes,no,taxable,standard,
,simple,FINAPPI-232-NEXT,FINAPPI 232 NEXT,1,FINAPPI 232 NEXT - high-quality Racket in the Badminton category.,FINAPPI 232 NEXT is a premium Racket designed for Badminton training and matches. Ideal for athletes and sports enthusiasts.,999,,Badminton > Racket,https://placehold.co/600x600/f5f5f5/333333.png?text=FINAPPI%20232%20NEXT,10,yes,no,taxable,standard,
,simple,FINAPPI-XTRA-POWER,FINAPPI XTRA POWER,1,FINAPPI XTRA POWER - high-quality Racket in the Badminton category.,FINAPPI XTRA POWER is a premium Racket designed for Badminton training and matches. Ideal for athletes and sports enthusiasts.,999,,Badminton > Racket,https://placehold.co/600x600/f5f5f5/333333.png?text=FINAPPI%20XTRA%20POWER,10,yes,no,taxable,standard,
,simple,FLAREON-100,FLAREON 100,1,FLAREON 100 - high-quality Racket in the Badminton category.,FLAREON 100 is a premium Racket designed for Badminton training and matches. Ideal for athletes and sports enthusiasts.,999,,Badminton > Racket,https://placehold.co/600x600/f5f5f5/333333.png?text=FLAREON%20100,10,yes,no,taxable,standard,
,simple,FLASH-LADDER-8MTR,FLASH LADDER 8MTR,1,FLASH LADDER 8MTR - high-quality product in the Athletics category.,FLASH LADDER 8MTR is a premium product designed for Athletics training and matches. Ideal for athletes and sports enthusiasts.,999,,Athletics,https://placehold.co/600x600/f5f5f5/333333.png?text=FLASH%20LADDER%208MTR,10,yes,no,taxable,standard,
,simple,FOOT-BALL-BIBS,FOOT BALL BIBS,1,FOOT BALL BIBS - high-quality product in the Foodball category.,FOOT BALL BIBS is a premium product designed for Foodball training and matches. Ideal for athletes and sports enthusiasts.,999,,Foodball,https://placehold.co/600x600/f5f5f5/333333.png?text=FOOT%20BALL%20BIBS,10,yes,no,taxable,standard,
,simple,ASICS-GEL-ROCKET-12,Asics GEL ROCKET 12,1,Asics GEL ROCKET 12 - high-quality Shoe in the Badminton category.,Asics GEL ROCKET 12 is a premium Shoe designed for Badminton training and matches. Ideal for athletes and sports enthusiasts.,999,,Badminton > Shoe,https://placehold.co/600x600/f5f5f5/333333.png?text=Asics%20GEL%20ROCKET%2012,10,yes,no,taxable,standard,
,simple,G-FORCE-5900-SUPERLITE,G-FORCE 5900 SUPERLITE,1,G-FORCE 5900 SUPERLITE - high-quality Racket in the Badminton category.,G-FORCE 5900 SUPERLITE is a premium Racket designed for Badminton training and matches. Ideal for athletes and sports enthusiasts.,999,,Badminton > Racket,https://placehold.co/600x600/f5f5f5/333333.png?text=G-FORCE%205900%20SUPERLITE,10,yes,no,taxable,standard,
,simple,G-FORCE-SUPERLITE-MAX-10,G-FORCE-SUPERLITE-MAX-10,1,G-FORCE-SUPERLITE-MAX-10 - high-quality Racket in the Badminton category.,G-FORCE-SUPERLITE-MAX-10 is a premium Racket designed for Badminton training and matches. Ideal for athletes and sports enthusiasts.,999,,Badminton > Racket,https://placehold.co/600x600/f5f5f5/333333.png?text=G-FORCE-SUPERLITE-MAX-10,10,yes,no,taxable,standard,
,simple,GLACIO-PACK-BD-KIT-PACK-HBCK-4M260,GLACIO PACK BD KIT PACK HBCK-4M260,1,GLACIO PACK BD KIT PACK HBCK-4M260 - high-quality Kit bag in the Badminton category.,GLACIO PACK BD KIT PACK HBCK-4M260 is a premium Kit bag designed for Badminton training and matches. Ideal for athletes and sports enthusiasts.,999,,Badminton > Kit bag,https://placehold.co/600x600/f5f5f5/333333.png?text=GLACIO%20PACK%20BD%20KIT%20PACK%20HBCK-4,10,yes,no,taxable,standard,
,simple,GOAL-KEEPER-GLOVES,GOAL KEEPER GLOVES,1,GOAL KEEPER GLOVES - high-quality product in the Foodball category.,GOAL KEEPER GLOVES is a premium product designed for Foodball training and matches. Ideal for athletes and sports enthusiasts.,999,,Foodball,https://placehold.co/600x600/f5f5f5/333333.png?text=GOAL%20KEEPER%20GLOVES,10,yes,no,taxable,standard,
,simple,GOSEN-DELTA-PHASE-2,GOSEN DELTA PHASE 2,1,GOSEN DELTA PHASE 2 - high-quality String in the Badminton category.,GOSEN DELTA PHASE 2 is a premium String designed for Badminton training and matches. Ideal for athletes and sports enthusiasts.,999,,Badminton > String,https://placehold.co/600x600/f5f5f5/333333.png?text=GOSEN%20DELTA%20PHASE%202,10,yes,no,taxable,standard,
,simple,GRAYNICOILLS-CATCHING-GLOVES,GRAYNICOILLS CATCHING GLOVES,1,GRAYNICOILLS CATCHING GLOVES - high-quality product in the Cricket category.,GRAYNICOILLS CATCHING GLOVES is a premium product designed for Cricket training and matches. Ideal for athletes and sports enthusiasts.,999,,Cricket,https://placehold.co/600x600/f5f5f5/333333.png?text=GRAYNICOILLS%20CATCHING%20GLOVES,10,yes,no,taxable,standard,
,simple,GYM-GLOVES-DIPAK,GYM GLOVES DIPAK,1,GYM GLOVES DIPAK - high-quality product in the Fitness category.,GYM GLOVES DIPAK is a premium product designed for Fitness training and matches. Ideal for athletes and sports enthusiasts.,999,,Fitness,https://placehold.co/600x600/f5f5f5/333333.png?text=GYM%20GLOVES%20DIPAK,10,yes,no,taxable,standard,
,simple,GYM-FBALL-BAG-MASTRO,GYM/FBALL BAG MASTRO,1,GYM/FBALL BAG MASTRO - high-quality product in the Gym bag category.,GYM/FBALL BAG MASTRO is a premium product designed for Gym bag training and matches. Ideal for athletes and sports enthusiasts.,999,,Gym bag,https://placehold.co/600x600/f5f5f5/333333.png?text=GYM%2FFBALL%20BAG%20MASTRO,10,yes,no,taxable,standard,
,simple,HALBERTEC-2000-3U,HALBERTEC-2000 3U,1,HALBERTEC-2000 3U - high-quality Shoe in the Badminton category.,HALBERTEC-2000 3U is a premium Shoe designed for Badminton training and matches. Ideal for athletes and sports enthusiasts.,999,,Badminton > Shoe,https://placehold.co/600x600/f5f5f5/333333.png?text=HALBERTEC-2000%203U,10,yes,no,taxable,standard,
,simple,HAND-ALL-NET-FALCON,HAND ALL NET FALCON,1,HAND ALL NET FALCON - high-quality product in the Hand Ball category.,HAND ALL NET FALCON is a premium product designed for Hand Ball training and matches. Ideal for athletes and sports enthusiasts.,999,,Hand Ball,https://placehold.co/600x600/f5f5f5/333333.png?text=HAND%20ALL%20NET%20FALCON,10,yes,no,taxable,standard,
,simple,HAND-BALL-TRAINER-MEN,HAND BALL TRAINER MEN,1,HAND BALL TRAINER MEN - high-quality product in the Hand Ball category.,HAND BALL TRAINER MEN is a premium product designed for Hand Ball training and matches. Ideal for athletes and sports enthusiasts.,999,,Hand Ball,https://placehold.co/600x600/f5f5f5/333333.png?text=HAND%20BALL%20TRAINER%20MEN,10,yes,no,taxable,standard,
,simple,HAND-PUMP,HAND PUMP,1,HAND PUMP - high-quality product in the Football category.,HAND PUMP is a premium product designed for Football training and matches. Ideal for athletes and sports enthusiasts.,999,,Football,https://placehold.co/600x600/f5f5f5/333333.png?text=HAND%20PUMP,10,yes,no,taxable,standard,
,simple,HEAD-BAND,HEAD BAND,1,HEAD BAND - high-quality Sweat Band in the Badminton category.,HEAD BAND is a premium Sweat Band designed for Badminton training and matches. Ideal for athletes and sports enthusiasts.,999,,Badminton > Sweat Band,https://placehold.co/600x600/f5f5f5/333333.png?text=HEAD%20BAND,10,yes,no,taxable,standard,
,simple,HELMET-BLAZETECH-M,HELMET BLAZETECH M,1,HELMET BLAZETECH M - high-quality product in the Cricket category.,HELMET BLAZETECH M is a premium product designed for Cricket training and matches. Ideal for athletes and sports enthusiasts.,999,,Cricket,https://placehold.co/600x600/f5f5f5/333333.png?text=HELMET%20BLAZETECH%20M,10,yes,no,taxable,standard,
,simple,HELMET-BLAZETECH-S,HELMET BLAZETECH S,1,HELMET BLAZETECH S - high-quality product in the Cricket category.,HELMET BLAZETECH S is a premium product designed for Cricket training and matches. Ideal for athletes and sports enthusiasts.,999,,Cricket,https://placehold.co/600x600/f5f5f5/333333.png?text=HELMET%20BLAZETECH%20S,10,yes,no,taxable,standard,
,simple,HELMET-BLAZETECH-XL,HELMET BLAZETECH XL,1,HELMET BLAZETECH XL - high-quality product in the Cricket category.,HELMET BLAZETECH XL is a premium product designed for Cricket training and matches. Ideal for athletes and sports enthusiasts.,999,,Cricket,https://placehold.co/600x600/f5f5f5/333333.png?text=HELMET%20BLAZETECH%20XL,10,yes,no,taxable,standard,
,simple,HELMET-PRINCE-M,HELMET PRINCE M,1,HELMET PRINCE M - high-quality product in the Cricket category.,HELMET PRINCE M is a premium product designed for Cricket training and matches. Ideal for athletes and sports enthusiasts.,999,,Cricket,https://placehold.co/600x600/f5f5f5/333333.png?text=HELMET%20PRINCE%20M,10,yes,no,taxable,standard,
,simple,HELMET-PRINCE-S,HELMET PRINCE S,1,HELMET PRINCE S - high-quality product in the Cricket category.,HELMET PRINCE S is a premium product designed for Cricket training and matches. Ideal for athletes and sports enthusiasts.,999,,Cricket,https://placehold.co/600x600/f5f5f5/333333.png?text=HELMET%20PRINCE%20S,10,yes,no,taxable,standard,
,simple,HURDLES-12-INCH,HURDLES 12 INCH,1,HURDLES 12 INCH - high-quality product in the Hurdles category.,HURDLES 12 INCH is a premium product designed for Hurdles training and matches. Ideal for athletes and sports enthusiasts.,999,,Hurdles,https://placehold.co/600x600/f5f5f5/333333.png?text=HURDLES%2012%20INCH,10,yes,no,taxable,standard,
,simple,HURDLES-6INCH,HURDLES 6INCH,1,HURDLES 6INCH - high-quality product in the Hurdles category.,HURDLES 6INCH is a premium product designed for Hurdles training and matches. Ideal for athletes and sports enthusiasts.,999,,Hurdles,https://placehold.co/600x600/f5f5f5/333333.png?text=HURDLES%206INCH,10,yes,no,taxable,standard,
,simple,HYPERSPEED,HYPERSPEED,1,HYPERSPEED - high-quality product in the Shoe category.,HYPERSPEED is a premium product designed for Shoe training and matches. Ideal for athletes and sports enthusiasts.,999,,Shoe,https://placehold.co/600x600/f5f5f5/333333.png?text=HYPERSPEED,10,yes,no,taxable,standard,
,simple,IGNITE-8,IGNITE 8,1,IGNITE 8 - high-quality Racket in the Badminton category.,IGNITE 8 is a premium Racket designed for Badminton training and matches. Ideal for athletes and sports enthusiasts.,999,,Badminton > Racket,https://placehold.co/600x600/f5f5f5/333333.png?text=IGNITE%208,10,yes,no,taxable,standard,
,simple,INNER-GLOVES-SS-CLUB,INNER GLOVES SS CLUB,1,INNER GLOVES SS CLUB - high-quality product in the Cricket category.,INNER GLOVES SS CLUB is a premium product designed for Cricket training and matches. Ideal for athletes and sports enthusiasts.,999,,Cricket,https://placehold.co/600x600/f5f5f5/333333.png?text=INNER%20GLOVES%20SS%20CLUB,10,yes,no,taxable,standard,
,simple,KAMATCHI-WIND-BALL,KAMATCHI WIND BALL,1,KAMATCHI WIND BALL - high-quality product in the Cricket category.,KAMATCHI WIND BALL is a premium product designed for Cricket training and matches. Ideal for athletes and sports enthusiasts.,999,,Cricket,https://placehold.co/600x600/f5f5f5/333333.png?text=KAMATCHI%20WIND%20BALL,10,yes,no,taxable,standard,
,simple,KARATE-CHEST-GUARD,KARATE CHEST GUARD,1,KARATE CHEST GUARD - high-quality product in the Karate category.,KARATE CHEST GUARD is a premium product designed for Karate training and matches. Ideal for athletes and sports enthusiasts.,999,,Karate,https://placehold.co/600x600/f5f5f5/333333.png?text=KARATE%20CHEST%20GUARD,10,yes,no,taxable,standard,
,simple,KARATE-GLOVES,KARATE GLOVES,1,KARATE GLOVES - high-quality product in the Karate category.,KARATE GLOVES is a premium product designed for Karate training and matches. Ideal for athletes and sports enthusiasts.,999,,Karate,https://placehold.co/600x600/f5f5f5/333333.png?text=KARATE%20GLOVES,10,yes,no,taxable,standard,
,simple,KARATE-HEAD-GUARD,KARATE HEAD GUARD,1,KARATE HEAD GUARD - high-quality product in the Karate category.,KARATE HEAD GUARD is a premium product designed for Karate training and matches. Ideal for athletes and sports enthusiasts.,999,,Karate,https://placehold.co/600x600/f5f5f5/333333.png?text=KARATE%20HEAD%20GUARD,10,yes,no,taxable,standard,
,simple,KARATE-SHIN-PAD,KARATE SHIN PAD,1,KARATE SHIN PAD - high-quality product in the Karate category.,KARATE SHIN PAD is a premium product designed for Karate training and matches. Ideal for athletes and sports enthusiasts.,999,,Karate,https://placehold.co/600x600/f5f5f5/333333.png?text=KARATE%20SHIN%20PAD,10,yes,no,taxable,standard,
,simple,KAWASAKI-CLACIER,KAWASAKI CLACIER,1,KAWASAKI CLACIER - high-quality Racket in the Badminton category.,KAWASAKI CLACIER is a premium Racket designed for Badminton training and matches. Ideal for athletes and sports enthusiasts.,999,,Badminton > Racket,https://placehold.co/600x600/f5f5f5/333333.png?text=KAWASAKI%20CLACIER,10,yes,no,taxable,standard,
,simple,KNEE-CAP-ROUNDED-BOYS,KNEE CAP ROUNDED BOYS,1,KNEE CAP ROUNDED BOYS - high-quality product in the Fitness category.,KNEE CAP ROUNDED BOYS is a premium product designed for Fitness training and matches. Ideal for athletes and sports enthusiasts.,999,,Fitness,https://placehold.co/600x600/f5f5f5/333333.png?text=KNEE%20CAP%20ROUNDED%20BOYS,10,yes,no,taxable,standard,
,simple,KNEE-CAP-ROUNDED-SR,KNEE CAP ROUNDED SR,1,KNEE CAP ROUNDED SR - high-quality product in the Fitness category.,KNEE CAP ROUNDED SR is a premium product designed for Fitness training and matches. Ideal for athletes and sports enthusiasts.,999,,Fitness,https://placehold.co/600x600/f5f5f5/333333.png?text=KNEE%20CAP%20ROUNDED%20SR,10,yes,no,taxable,standard,
,simple,KTR-BADMINTON-NET-NYLON,KTR BADMINTON NET NYLON,1,KTR BADMINTON NET NYLON - high-quality Kit bag in the Badminton category.,KTR BADMINTON NET NYLON is a premium Kit bag designed for Badminton training and matches. Ideal for athletes and sports enthusiasts.,999,,Badminton > Kit bag,https://placehold.co/600x600/f5f5f5/333333.png?text=KTR%20BADMINTON%20NET%20NYLON,10,yes,no,taxable,standard,
,simple,KUMPOO-E58,KUMPOO E58,1,KUMPOO E58 - high-quality Racket in the Badminton category.,KUMPOO E58 is a premium Racket designed for Badminton training and matches. Ideal for athletes and sports enthusiasts.,999,,Badminton > Racket,https://placehold.co/600x600/f5f5f5/333333.png?text=KUMPOO%20E58,10,yes,no,taxable,standard,
,simple,KUMPOO-E88,KUMPOO E88,1,KUMPOO E88 - high-quality Racket in the Badminton category.,KUMPOO E88 is a premium Racket designed for Badminton training and matches. Ideal for athletes and sports enthusiasts.,999,,Badminton > Racket,https://placehold.co/600x600/f5f5f5/333333.png?text=KUMPOO%20E88,10,yes,no,taxable,standard,
,simple,KUMPOO-K01,KUMPOO K01,1,KUMPOO K01 - high-quality Racket in the Badminton category.,KUMPOO K01 is a premium Racket designed for Badminton training and matches. Ideal for athletes and sports enthusiasts.,999,,Badminton > Racket,https://placehold.co/600x600/f5f5f5/333333.png?text=KUMPOO%20K01,10,yes,no,taxable,standard,
,simple,KW-CR-BAR-HARROW,KW CR BAR HARROW,1,KW CR BAR HARROW - high-quality product in the Cricket category.,KW CR BAR HARROW is a premium product designed for Cricket training and matches. Ideal for athletes and sports enthusiasts.,999,,Cricket,https://placehold.co/600x600/f5f5f5/333333.png?text=KW%20CR%20BAR%20HARROW,10,yes,no,taxable,standard,
,simple,KW-CR-BAR-SINGLE-BLADE,KW CR BAR SINGLE BLADE,1,KW CR BAR SINGLE BLADE - high-quality product in the Cricket category.,KW CR BAR SINGLE BLADE is a premium product designed for Cricket training and matches. Ideal for athletes and sports enthusiasts.,999,,Cricket,https://placehold.co/600x600/f5f5f5/333333.png?text=KW%20CR%20BAR%20SINGLE%20BLADE,10,yes,no,taxable,standard,
,simple,KW-CR-BAT-1ST-GRADE,KW CR BAT 1ST GRADE,1,KW CR BAT 1ST GRADE - high-quality product in the Cricket category.,KW CR BAT 1ST GRADE is a premium product designed for Cricket training and matches. Ideal for athletes and sports enthusiasts.,999,,Cricket,https://placehold.co/600x600/f5f5f5/333333.png?text=KW%20CR%20BAT%201ST%20GRADE,10,yes,no,taxable,standard,
,simple,KW-CR-BAT-DOUBLE-BLADE,KW CR BAT DOUBLE BLADE,1,KW CR BAT DOUBLE BLADE - high-quality product in the Cricket category.,KW CR BAT DOUBLE BLADE is a premium product designed for Cricket training and matches. Ideal for athletes and sports enthusiasts.,999,,Cricket,https://placehold.co/600x600/f5f5f5/333333.png?text=KW%20CR%20BAT%20DOUBLE%20BLADE,10,yes,no,taxable,standard,
,simple,KW-CR-BAT-LEAT-FULL-SIZE,KW CR BAT LEAT FULL SIZE,1,KW CR BAT LEAT FULL SIZE - high-quality product in the Cricket category.,KW CR BAT LEAT FULL SIZE is a premium product designed for Cricket training and matches. Ideal for athletes and sports enthusiasts.,999,,Cricket,https://placehold.co/600x600/f5f5f5/333333.png?text=KW%20CR%20BAT%20LEAT%20FULL%20SIZE,10,yes,no,taxable,standard,
,simple,KW-CR-BAT-NURTURED,KW CR BAT NURTURED,1,KW CR BAT NURTURED - high-quality product in the Cricket category.,KW CR BAT NURTURED is a premium product designed for Cricket training and matches. Ideal for athletes and sports enthusiasts.,999,,Cricket,https://placehold.co/600x600/f5f5f5/333333.png?text=KW%20CR%20BAT%20NURTURED,10,yes,no,taxable,standard,
,simple,KW-CR-BAT-SIZE-4,KW CR BAT SIZE 4,1,KW CR BAT SIZE 4 - high-quality product in the Cricket category.,KW CR BAT SIZE 4 is a premium product designed for Cricket training and matches. Ideal for athletes and sports enthusiasts.,999,,Cricket,https://placehold.co/600x600/f5f5f5/333333.png?text=KW%20CR%20BAT%20SIZE%204,10,yes,no,taxable,standard,
,simple,KW-CR-BAT-SIZE-5,KW CR BAT SIZE 5,1,KW CR BAT SIZE 5 - high-quality product in the Cricket category.,KW CR BAT SIZE 5 is a premium product designed for Cricket training and matches. Ideal for athletes and sports enthusiasts.,999,,Cricket,https://placehold.co/600x600/f5f5f5/333333.png?text=KW%20CR%20BAT%20SIZE%205,10,yes,no,taxable,standard,
,simple,KW-CR-BAT-SIZE-6,KW CR BAT SIZE 6,1,KW CR BAT SIZE 6 - high-quality product in the Cricket category.,KW CR BAT SIZE 6 is a premium product designed for Cricket training and matches. Ideal for athletes and sports enthusiasts.,999,,Cricket,https://placehold.co/600x600/f5f5f5/333333.png?text=KW%20CR%20BAT%20SIZE%206,10,yes,no,taxable,standard,
,simple,LEG-WEIGHT-BELT-1-5-KG,LEG WEIGHT BELT 1.5 KG,1,LEG WEIGHT BELT 1.5 KG - high-quality product in the Fitness category.,LEG WEIGHT BELT 1.5 KG is a premium product designed for Fitness training and matches. Ideal for athletes and sports enthusiasts.,999,,Fitness,https://placehold.co/600x600/f5f5f5/333333.png?text=LEG%20WEIGHT%20BELT%201.5%20KG,10,yes,no,taxable,standard,
,simple,LEG-WEIGHT-BELT-1KG,LEG WEIGHT BELT 1KG,1,LEG WEIGHT BELT 1KG - high-quality product in the Fitness category.,LEG WEIGHT BELT 1KG is a premium product designed for Fitness training and matches. Ideal for athletes and sports enthusiasts.,999,,Fitness,https://placehold.co/600x600/f5f5f5/333333.png?text=LEG%20WEIGHT%20BELT%201KG,10,yes,no,taxable,standard,
,simple,LEG-WEIGHT-BELT-2KG,LEG WEIGHT BELT 2KG,1,LEG WEIGHT BELT 2KG - high-quality product in the Fitness category.,LEG WEIGHT BELT 2KG is a premium product designed for Fitness training and matches. Ideal for athletes and sports enthusiasts.,999,,Fitness,https://placehold.co/600x600/f5f5f5/333333.png?text=LEG%20WEIGHT%20BELT%202KG,10,yes,no,taxable,standard,
,simple,LEW-BOXING-GLOVES-10,LEW BOXING GLOVES -10,1,LEW BOXING GLOVES -10 - high-quality product in the Boxing category.,LEW BOXING GLOVES -10 is a premium product designed for Boxing training and matches. Ideal for athletes and sports enthusiasts.,999,,Boxing,https://placehold.co/600x600/f5f5f5/333333.png?text=LEW%20BOXING%20GLOVES%20-10,10,yes,no,taxable,standard,
,simple,LEW-BOXING-GLOVES-8-6,LEW BOXING GLOVES -8 &6,1,LEW BOXING GLOVES -8 &6 - high-quality product in the Fitness category.,LEW BOXING GLOVES -8 &6 is a premium product designed for Fitness training and matches. Ideal for athletes and sports enthusiasts.,999,,Fitness,https://placehold.co/600x600/f5f5f5/333333.png?text=LEW%20BOXING%20GLOVES%20-8%20%266,10,yes,no,taxable,standard,
,simple,LINING-NO-1-BOOST,LINING NO 1 BOOST,1,LINING NO 1 BOOST - high-quality String in the Badminton category.,LINING NO 1 BOOST is a premium String designed for Badminton training and matches. Ideal for athletes and sports enthusiasts.,999,,Badminton > String,https://placehold.co/600x600/f5f5f5/333333.png?text=LINING%20NO%201%20BOOST,10,yes,no,taxable,standard,
,simple,LOOP-BAND-BLUE-SR-15,LOOP BAND BLUE SR 15,1,LOOP BAND BLUE SR 15 - high-quality product in the Fitness category.,LOOP BAND BLUE SR 15 is a premium product designed for Fitness training and matches. Ideal for athletes and sports enthusiasts.,999,,Fitness,https://placehold.co/600x600/f5f5f5/333333.png?text=LOOP%20BAND%20BLUE%20SR%2015,10,yes,no,taxable,standard,
,simple,MARTINAM-SHOES,MARTINAM SHOES,1,MARTINAM SHOES - high-quality product in the running category.,MARTINAM SHOES is a premium product designed for running training and matches. Ideal for athletes and sports enthusiasts.,999,,running,https://placehold.co/600x600/f5f5f5/333333.png?text=MARTINAM%20SHOES,10,yes,no,taxable,standard,
,simple,MASPRO-ANKLET,MASPRO ANKLET,1,MASPRO ANKLET - high-quality product in the Fitness category.,MASPRO ANKLET is a premium product designed for Fitness training and matches. Ideal for athletes and sports enthusiasts.,999,,Fitness,https://placehold.co/600x600/f5f5f5/333333.png?text=MASPRO%20ANKLET,10,yes,no,taxable,standard,
,simple,MASPRO-CAP,MASPRO CAP,1,MASPRO CAP - high-quality product in the cap category.,MASPRO CAP is a premium product designed for cap training and matches. Ideal for athletes and sports enthusiasts.,999,,cap,https://placehold.co/600x600/f5f5f5/333333.png?text=MASPRO%20CAP,10,yes,no,taxable,standard,
,simple,MASPRO-COINS-ACRYLIC,MASPRO COINS ACRYLIC,1,MASPRO COINS ACRYLIC - high-quality product in the carrom coins category.,MASPRO COINS ACRYLIC is a premium product designed for carrom coins training and matches. Ideal for athletes and sports enthusiasts.,999,,carrom coins,https://placehold.co/600x600/f5f5f5/333333.png?text=MASPRO%20COINS%20ACRYLIC,10,yes,no,taxable,standard,
,simple,MAVIS-200I-GREEN,MAVIS 200I GREEN,1,MAVIS 200I GREEN - high-quality Cork in the Badminton category.,MAVIS 200I GREEN is a premium Cork designed for Badminton training and matches. Ideal for athletes and sports enthusiasts.,999,,Badminton > Cork,https://placehold.co/600x600/f5f5f5/333333.png?text=MAVIS%20200I%20GREEN,10,yes,no,taxable,standard,
,simple,MAVIS-350,MAVIS 350,1,MAVIS 350 - high-quality Cork in the Badminton category.,MAVIS 350 is a premium Cork designed for Badminton training and matches. Ideal for athletes and sports enthusiasts.,999,,Badminton > Cork,https://placehold.co/600x600/f5f5f5/333333.png?text=MAVIS%20350,10,yes,no,taxable,standard,
,simple,MAX-BOLT-BLACK,MAX BOLT BLACK,1,MAX BOLT BLACK - high-quality Racket in the Badminton category.,MAX BOLT BLACK is a premium Racket designed for Badminton training and matches. Ideal for athletes and sports enthusiasts.,999,,Badminton > Racket,https://placehold.co/600x600/f5f5f5/333333.png?text=MAX%20BOLT%20BLACK,10,yes,no,taxable,standard,
,simple,MAX-BOLT-THUNDERBOLT,MAX BOLT THUNDERBOLT,1,MAX BOLT THUNDERBOLT - high-quality Racket in the Badminton category.,MAX BOLT THUNDERBOLT is a premium Racket designed for Badminton training and matches. Ideal for athletes and sports enthusiasts.,999,,Badminton > Racket,https://placehold.co/600x600/f5f5f5/333333.png?text=MAX%20BOLT%20THUNDERBOLT,10,yes,no,taxable,standard,
,simple,MAXBOLT-BLACK-WOVEN,MAXBOLT BLACK WOVEN,1,MAXBOLT BLACK WOVEN - high-quality Racket in the Badminton category.,MAXBOLT BLACK WOVEN is a premium Racket designed for Badminton training and matches. Ideal for athletes and sports enthusiasts.,999,,Badminton > Racket,https://placehold.co/600x600/f5f5f5/333333.png?text=MAXBOLT%20BLACK%20WOVEN,10,yes,no,taxable,standard,
,simple,MAXBOLT-GALLANT-TOUR,MAXBOLT GALLANT TOUR,1,MAXBOLT GALLANT TOUR - high-quality Racket in the Badminton category.,MAXBOLT GALLANT TOUR is a premium Racket designed for Badminton training and matches. Ideal for athletes and sports enthusiasts.,999,,Badminton > Racket,https://placehold.co/600x600/f5f5f5/333333.png?text=MAXBOLT%20GALLANT%20TOUR,10,yes,no,taxable,standard,
,simple,MAXBOLT-NAVIGATOR,MAXBOLT NAVIGATOR,1,MAXBOLT NAVIGATOR - high-quality Racket in the Badminton category.,MAXBOLT NAVIGATOR is a premium Racket designed for Badminton training and matches. Ideal for athletes and sports enthusiasts.,999,,Badminton > Racket,https://placehold.co/600x600/f5f5f5/333333.png?text=MAXBOLT%20NAVIGATOR,10,yes,no,taxable,standard,
,simple,MAXBOLT-RAPTOR-9,MAXBOLT RAPTOR 9,1,MAXBOLT RAPTOR 9 - high-quality Racket in the Badminton category.,MAXBOLT RAPTOR 9 is a premium Racket designed for Badminton training and matches. Ideal for athletes and sports enthusiasts.,999,,Badminton > Racket,https://placehold.co/600x600/f5f5f5/333333.png?text=MAXBOLT%20RAPTOR%209,10,yes,no,taxable,standard,
,simple,MAXBOLT-SILVER,MAXBOLT SILVER,1,MAXBOLT SILVER - high-quality Racket in the Badminton category.,MAXBOLT SILVER is a premium Racket designed for Badminton training and matches. Ideal for athletes and sports enthusiasts.,999,,Badminton > Racket,https://placehold.co/600x600/f5f5f5/333333.png?text=MAXBOLT%20SILVER,10,yes,no,taxable,standard,
,simple,MAXBOLT-SUPERSTAR-11,MAXBOLT SUPERSTAR 11,1,MAXBOLT SUPERSTAR 11 - high-quality Racket in the Badminton category.,MAXBOLT SUPERSTAR 11 is a premium Racket designed for Badminton training and matches. Ideal for athletes and sports enthusiasts.,999,,Badminton > Racket,https://placehold.co/600x600/f5f5f5/333333.png?text=MAXBOLT%20SUPERSTAR%2011,10,yes,no,taxable,standard,
,simple,MAXBOLT-SUPERSTAR-LT,MAXBOLT SUPERSTAR LT,1,MAXBOLT SUPERSTAR LT - high-quality Racket in the Badminton category.,MAXBOLT SUPERSTAR LT is a premium Racket designed for Badminton training and matches. Ideal for athletes and sports enthusiasts.,999,,Badminton > Racket,https://placehold.co/600x600/f5f5f5/333333.png?text=MAXBOLT%20SUPERSTAR%20LT,10,yes,no,taxable,standard,
,simple,MENS-HI-QUARTER-SOCKS,MENS HI QUARTER SOCKS,1,MENS HI QUARTER SOCKS - high-quality product in the Clothing category.,MENS HI QUARTER SOCKS is a premium product designed for Clothing training and matches. Ideal for athletes and sports enthusiasts.,999,,Clothing,https://placehold.co/600x600/f5f5f5/333333.png?text=MENS%20HI%20QUARTER%20SOCKS,10,yes,no,taxable,standard,
,simple,MERCURY-PLUS,MERCURY PLUS,1,MERCURY PLUS - high-quality product in the Cricket category.,MERCURY PLUS is a premium product designed for Cricket training and matches. Ideal for athletes and sports enthusiasts.,999,,Cricket,https://placehold.co/600x600/f5f5f5/333333.png?text=MERCURY%20PLUS,10,yes,no,taxable,standard,
,simple,MESSI-ARG-AWAY-KIDS,MESSI ARG AWAY KIDS,1,MESSI ARG AWAY KIDS - high-quality product in the clothing category.,MESSI ARG AWAY KIDS is a premium product designed for clothing training and matches. Ideal for athletes and sports enthusiasts.,999,,clothing,https://placehold.co/600x600/f5f5f5/333333.png?text=MESSI%20ARG%20AWAY%20KIDS,10,yes,no,taxable,standard,
,simple,MIZNO-CARBO-PRO,MIZNO CARBO PRO,1,MIZNO CARBO PRO - high-quality Racket in the Badminton category.,MIZNO CARBO PRO is a premium Racket designed for Badminton training and matches. Ideal for athletes and sports enthusiasts.,999,,Badminton > Racket,https://placehold.co/600x600/f5f5f5/333333.png?text=MIZNO%20CARBO%20PRO,10,yes,no,taxable,standard,
,simple,MUSCLE-POWER-29,MUSCLE POWER 29,1,MUSCLE POWER 29 - high-quality Racket in the Badminton category.,MUSCLE POWER 29 is a premium Racket designed for Badminton training and matches. Ideal for athletes and sports enthusiasts.,999,,Badminton > Racket,https://placehold.co/600x600/f5f5f5/333333.png?text=MUSCLE%20POWER%2029,10,yes,no,taxable,standard,
,simple,NANO-FLARE-700-GAME,NANO FLARE 700 GAME,1,NANO FLARE 700 GAME - high-quality Racket in the Badminton category.,NANO FLARE 700 GAME is a premium Racket designed for Badminton training and matches. Ideal for athletes and sports enthusiasts.,999,,Badminton > Racket,https://placehold.co/600x600/f5f5f5/333333.png?text=NANO%20FLARE%20700%20GAME,10,yes,no,taxable,standard,
,simple,NANO-FLARE-700-PLAY-4U,NANO FLARE 700 PLAY 4U,1,NANO FLARE 700 PLAY 4U - high-quality Racket in the Badminton category.,NANO FLARE 700 PLAY 4U is a premium Racket designed for Badminton training and matches. Ideal for athletes and sports enthusiasts.,999,,Badminton > Racket,https://placehold.co/600x600/f5f5f5/333333.png?text=NANO%20FLARE%20700%20PLAY%204U,10,yes,no,taxable,standard,
,simple,NANO-FLARE-800-PLAY4U,NANO FLARE 800 PLAY4U,1,NANO FLARE 800 PLAY4U - high-quality Racket in the Badminton category.,NANO FLARE 800 PLAY4U is a premium Racket designed for Badminton training and matches. Ideal for athletes and sports enthusiasts.,999,,Badminton > Racket,https://placehold.co/600x600/f5f5f5/333333.png?text=NANO%20FLARE%20800%20PLAY4U,10,yes,no,taxable,standard,
,simple,NANO-FUSION-722,NANO FUSION 722,1,NANO FUSION 722 - high-quality Racket in the Badminton category.,NANO FUSION 722 is a premium Racket designed for Badminton training and matches. Ideal for athletes and sports enthusiasts.,999,,Badminton > Racket,https://placehold.co/600x600/f5f5f5/333333.png?text=NANO%20FUSION%20722,10,yes,no,taxable,standard,
,simple,NANO-FUSION-9000-ULTRA-APACS,NANO FUSION 9000 ULTRA APACS,1,NANO FUSION 9000 ULTRA APACS - high-quality Racket in the Badminton category.,NANO FUSION 9000 ULTRA APACS is a premium Racket designed for Badminton training and matches. Ideal for athletes and sports enthusiasts.,999,,Badminton > Racket,https://placehold.co/600x600/f5f5f5/333333.png?text=NANO%20FUSION%209000%20ULTRA%20APACS,10,yes,no,taxable,standard,
,simple,NANOFLARE-1000-PLAY-4U,NANOFLARE 1000 PLAY 4U,1,NANOFLARE 1000 PLAY 4U - high-quality Racket in the Badminton category.,NANOFLARE 1000 PLAY 4U is a premium Racket designed for Badminton training and matches. Ideal for athletes and sports enthusiasts.,999,,Badminton > Racket,https://lightslategrey-monkey-361905.hostingersite.com/wp-content/uploads/2026/09/nanoflare_1000play.webp,10,yes,no,taxable,standard,
,simple,NANOFLARE-1000TOUR-LIGHTENING-YELLOW,NANOFLARE 1000TOUR LIGHTENING YELLOW,1,NANOFLARE 1000TOUR LIGHTENING YELLOW - high-quality Racket in the Badminton category.,NANOFLARE 1000TOUR LIGHTENING YELLOW is a premium Racket designed for Badminton training and matches. Ideal for athletes and sports enthusiasts.,999,,Badminton > Racket,https://placehold.co/600x600/f5f5f5/333333.png?text=NANOFLARE%201000TOUR%20LIGHTENING%20,10,yes,no,taxable,standard,
,simple,NANOFLARE-700-PLAY,NANOFLARE 700 PLAY,1,NANOFLARE 700 PLAY - high-quality Racket in the Badminton category.,NANOFLARE 700 PLAY is a premium Racket designed for Badminton training and matches. Ideal for athletes and sports enthusiasts.,999,,Badminton > Racket,https://lightslategrey-monkey-361905.hostingersite.com/wp-content/uploads/2026/09/nano-flare-700-play.webp,10,yes,no,taxable,standard,
,simple,NANORAY-72-LIGHT-G4,NANORAY 72 LIGHT G4,1,NANORAY 72 LIGHT G4 - high-quality Racket in the Badminton category.,NANORAY 72 LIGHT G4 is a premium Racket designed for Badminton training and matches. Ideal for athletes and sports enthusiasts.,999,,Badminton > Racket,https://lightslategrey-monkey-361905.hostingersite.com/wp-content/uploads/2026/09/NanorayGld1_720x_54695424-b848-4cca-8b4d-be1b567b7078.webp,10,yes,no,taxable,standard,
,simple,NIKE-VIETNAM,NIKE VIETNAM,1,NIKE VIETNAM - high-quality product in the Fitness category.,NIKE VIETNAM is a premium product designed for Fitness training and matches. Ideal for athletes and sports enthusiasts.,999,,Fitness,https://placehold.co/600x600/f5f5f5/333333.png?text=NIKE%20VIETNAM,10,yes,no,taxable,standard,
,simple,NIVIA-F-BALL-ENCOUNTER,NIVIA F/BALL ENCOUNTER,1,NIVIA F/BALL ENCOUNTER - high-quality product in the Football category.,NIVIA F/BALL ENCOUNTER is a premium product designed for Football training and matches. Ideal for athletes and sports enthusiasts.,999,,Football,https://placehold.co/600x600/f5f5f5/333333.png?text=NIVIA%20F%2FBALL%20ENCOUNTER,10,yes,no,taxable,standard,
,simple,NIVIA-HAND-PUMP,NIVIA HAND PUMP,1,NIVIA HAND PUMP - high-quality product in the pump category.,NIVIA HAND PUMP is a premium product designed for pump training and matches. Ideal for athletes and sports enthusiasts.,999,,pump,https://placehold.co/600x600/f5f5f5/333333.png?text=NIVIA%20HAND%20PUMP,10,yes,no,taxable,standard,
,simple,NIVIA-STOCKINGS-ENCOUNTER,NIVIA STOCKINGS ENCOUNTER,1,NIVIA STOCKINGS ENCOUNTER - high-quality product in the Football category.,NIVIA STOCKINGS ENCOUNTER is a premium product designed for Football training and matches. Ideal for athletes and sports enthusiasts.,999,,Football,https://placehold.co/600x600/f5f5f5/333333.png?text=NIVIA%20STOCKINGS%20ENCOUNTER,10,yes,no,taxable,standard,
,simple,NONO-G95-GUTTING,NONO G95 GUTTING,1,NONO G95 GUTTING - high-quality Racket in the Badminton category.,NONO G95 GUTTING is a premium Racket designed for Badminton training and matches. Ideal for athletes and sports enthusiasts.,999,,Badminton > Racket,https://placehold.co/600x600/f5f5f5/333333.png?text=NONO%20G95%20GUTTING,10,yes,no,taxable,standard,
,simple,PICKLE-BALL-GEELI,PICKLE BALL GEELI,1,PICKLE BALL GEELI - high-quality product in the Pickle Ball category.,PICKLE BALL GEELI is a premium product designed for Pickle Ball training and matches. Ideal for athletes and sports enthusiasts.,999,,Pickle Ball,https://placehold.co/600x600/f5f5f5/333333.png?text=PICKLE%20BALL%20GEELI,10,yes,no,taxable,standard,
,simple,PICKLE-BALL-VECTORX,PICKLE BALL VECTORX,1,PICKLE BALL VECTORX - high-quality product in the Pickle Ball category.,PICKLE BALL VECTORX is a premium product designed for Pickle Ball training and matches. Ideal for athletes and sports enthusiasts.,999,,Pickle Ball,https://placehold.co/600x600/f5f5f5/333333.png?text=PICKLE%20BALL%20VECTORX,10,yes,no,taxable,standard,
,simple,POPULAR-WILLOW-CRICKET-BAT,POPULAR WILLOW CRICKET BAT,1,POPULAR WILLOW CRICKET BAT - high-quality product in the Cricket category.,POPULAR WILLOW CRICKET BAT is a premium product designed for Cricket training and matches. Ideal for athletes and sports enthusiasts.,999,,Cricket,https://placehold.co/600x600/f5f5f5/333333.png?text=POPULAR%20WILLOW%20CRICKET%20BAT,10,yes,no,taxable,standard,
,simple,POWER-GRIP,POWER GRIP,1,POWER GRIP - high-quality Racket in the Badminton category.,POWER GRIP is a premium Racket designed for Badminton training and matches. Ideal for athletes and sports enthusiasts.,999,,Badminton > Racket,https://placehold.co/600x600/f5f5f5/333333.png?text=POWER%20GRIP,10,yes,no,taxable,standard,
,simple,POWER-STORM,POWER STORM,1,POWER STORM - high-quality Racket in the Badminton category.,POWER STORM is a premium Racket designed for Badminton training and matches. Ideal for athletes and sports enthusiasts.,999,,Badminton > Racket,https://placehold.co/600x600/f5f5f5/333333.png?text=POWER%20STORM,10,yes,no,taxable,standard,
,simple,POWERFLO-812-LITE-CARLTON,POWERFLO 812 LITE CARLTON,1,POWERFLO 812 LITE CARLTON - high-quality Racket in the Badminton category.,POWERFLO 812 LITE CARLTON is a premium Racket designed for Badminton training and matches. Ideal for athletes and sports enthusiasts.,999,,Badminton > Racket,https://placehold.co/600x600/f5f5f5/333333.png?text=POWERFLO%20812%20LITE%20CARLTON,10,yes,no,taxable,standard,
,simple,POWERTEK-100-SET-OF-2,POWERTEK 100 SET OF 2,1,POWERTEK 100 SET OF 2 - high-quality Racket in the Badminton category.,POWERTEK 100 SET OF 2 is a premium Racket designed for Badminton training and matches. Ideal for athletes and sports enthusiasts.,999,,Badminton > Racket,https://placehold.co/600x600/f5f5f5/333333.png?text=POWERTEK%20100%20SET%20OF%202,10,yes,no,taxable,standard,
,simple,POWERTEK-STAR-SET-OF-2,POWERTEK STAR SET OF 2,1,POWERTEK STAR SET OF 2 - high-quality Racket in the Badminton category.,POWERTEK STAR SET OF 2 is a premium Racket designed for Badminton training and matches. Ideal for athletes and sports enthusiasts.,999,,Badminton > Racket,https://placehold.co/600x600/f5f5f5/333333.png?text=POWERTEK%20STAR%20SET%20OF%202,10,yes,no,taxable,standard,
,simple,POWERTEK-STAR-SHUTTLECOCK,POWERTEK STAR SHUTTLECOCK,1,POWERTEK STAR SHUTTLECOCK - high-quality Racket in the Badminton category.,POWERTEK STAR SHUTTLECOCK is a premium Racket designed for Badminton training and matches. Ideal for athletes and sports enthusiasts.,999,,Badminton > Racket,https://placehold.co/600x600/f5f5f5/333333.png?text=POWERTEK%20STAR%20SHUTTLECOCK,10,yes,no,taxable,standard,
,simple,PUMA-SHORTS,PUMA SHORTS,1,PUMA SHORTS - high-quality product in the clothing category.,PUMA SHORTS is a premium product designed for clothing training and matches. Ideal for athletes and sports enthusiasts.,999,,clothing,https://placehold.co/600x600/f5f5f5/333333.png?text=PUMA%20SHORTS,10,yes,no,taxable,standard,
,simple,PVC-CRICKET-BAT-BLACK,PVC CRICKET BAT BLACK,1,PVC CRICKET BAT BLACK - high-quality product in the Cricket category.,PVC CRICKET BAT BLACK is a premium product designed for Cricket training and matches. Ideal for athletes and sports enthusiasts.,999,,Cricket,https://placehold.co/600x600/f5f5f5/333333.png?text=PVC%20CRICKET%20BAT%20BLACK,10,yes,no,taxable,standard,
,simple,PVC-CRICKET-BAT-COLOUR,PVC CRICKET BAT COLOUR,1,PVC CRICKET BAT COLOUR - high-quality product in the Cricket category.,PVC CRICKET BAT COLOUR is a premium product designed for Cricket training and matches. Ideal for athletes and sports enthusiasts.,999,,Cricket,https://placehold.co/600x600/f5f5f5/333333.png?text=PVC%20CRICKET%20BAT%20COLOUR,10,yes,no,taxable,standard,
,simple,QUANTUM,QUANTUM,1,QUANTUM - high-quality Racket in the Badminton category.,QUANTUM is a premium Racket designed for Badminton training and matches. Ideal for athletes and sports enthusiasts.,999,,Badminton > Racket,https://placehold.co/600x600/f5f5f5/333333.png?text=QUANTUM,10,yes,no,taxable,standard,
,simple,RAPIDITY-680,RAPIDITY 680,1,RAPIDITY 680 - high-quality Racket in the Badminton category.,RAPIDITY 680 is a premium Racket designed for Badminton training and matches. Ideal for athletes and sports enthusiasts.,999,,Badminton > Racket,https://placehold.co/600x600/f5f5f5/333333.png?text=RAPIDITY%20680,10,yes,no,taxable,standard,
,simple,RCB-T-SHIRT,RCB T SHIRT,1,RCB T SHIRT - high-quality product in the clothing category.,RCB T SHIRT is a premium product designed for clothing training and matches. Ideal for athletes and sports enthusiasts.,999,,clothing,https://placehold.co/600x600/f5f5f5/333333.png?text=RCB%20T%20SHIRT,10,yes,no,taxable,standard,
,simple,RELAY-BATTON,RELAY BATTON,1,RELAY BATTON - high-quality product in the Athletics category.,RELAY BATTON is a premium product designed for Athletics training and matches. Ideal for athletes and sports enthusiasts.,999,,Athletics,https://placehold.co/600x600/f5f5f5/333333.png?text=RELAY%20BATTON,10,yes,no,taxable,standard,
,simple,ROLLER-SKATE-BABY,ROLLER SKATE BABY,1,ROLLER SKATE BABY - high-quality product in the Skating category.,ROLLER SKATE BABY is a premium product designed for Skating training and matches. Ideal for athletes and sports enthusiasts.,999,,Skating,https://placehold.co/600x600/f5f5f5/333333.png?text=ROLLER%20SKATE%20BABY,10,yes,no,taxable,standard,
,simple,ROLLER-SKATE-BIG,ROLLER SKATE BIG,1,ROLLER SKATE BIG - high-quality product in the Skating category.,ROLLER SKATE BIG is a premium product designed for Skating training and matches. Ideal for athletes and sports enthusiasts.,999,,Skating,https://placehold.co/600x600/f5f5f5/333333.png?text=ROLLER%20SKATE%20BIG,10,yes,no,taxable,standard,
,simple,RUNNING-SHOES-SPIKE,RUNNING SHOES SPIKE,1,RUNNING SHOES SPIKE - high-quality product in the Athletics category.,RUNNING SHOES SPIKE is a premium product designed for Athletics training and matches. Ideal for athletes and sports enthusiasts.,999,,Athletics,https://placehold.co/600x600/f5f5f5/333333.png?text=RUNNING%20SHOES%20SPIKE,10,yes,no,taxable,standard,
,simple,SAIGA-DISCUSS-STEEL-RIM-2-KG,SAIGA DISCUSS STEEL RIM 2 KG,1,SAIGA DISCUSS STEEL RIM 2 KG - high-quality product in the Athletics category.,SAIGA DISCUSS STEEL RIM 2 KG is a premium product designed for Athletics training and matches. Ideal for athletes and sports enthusiasts.,999,,Athletics,https://placehold.co/600x600/f5f5f5/333333.png?text=SAIGA%20DISCUSS%20STEEL%20RIM%202%20KG,10,yes,no,taxable,standard,
,simple,SG-CR-SCORER-EDGE,SG CR SCORER EDGE,1,SG CR SCORER EDGE - high-quality product in the Cricket category.,SG CR SCORER EDGE is a premium product designed for Cricket training and matches. Ideal for athletes and sports enthusiasts.,999,,Cricket,https://placehold.co/600x600/f5f5f5/333333.png?text=SG%20CR%20SCORER%20EDGE,10,yes,no,taxable,standard,
,simple,SG-CR-SHOE-FUSION,SG CR SHOE FUSION,1,SG CR SHOE FUSION - high-quality product in the Cricket category.,SG CR SHOE FUSION is a premium product designed for Cricket training and matches. Ideal for athletes and sports enthusiasts.,999,,Cricket,https://placehold.co/600x600/f5f5f5/333333.png?text=SG%20CR%20SHOE%20FUSION,10,yes,no,taxable,standard,
,simple,SHIN-GUARD,SHIN GUARD,1,SHIN GUARD - high-quality product in the shin guard category.,SHIN GUARD is a premium product designed for shin guard training and matches. Ideal for athletes and sports enthusiasts.,999,,shin guard,https://placehold.co/600x600/f5f5f5/333333.png?text=SHIN%20GUARD,10,yes,no,taxable,standard,
,simple,SHORT-PUT-3KG,SHORT PUT 3KG,1,SHORT PUT 3KG - high-quality product in the Athletics category.,SHORT PUT 3KG is a premium product designed for Athletics training and matches. Ideal for athletes and sports enthusiasts.,999,,Athletics,https://placehold.co/600x600/f5f5f5/333333.png?text=SHORT%20PUT%203KG,10,yes,no,taxable,standard,
,simple,SHORTS-ADIDAS,SHORTS ADIDAS,1,SHORTS ADIDAS - high-quality product in the clothing category.,SHORTS ADIDAS is a premium product designed for clothing training and matches. Ideal for athletes and sports enthusiasts.,999,,clothing,https://placehold.co/600x600/f5f5f5/333333.png?text=SHORTS%20ADIDAS,10,yes,no,taxable,standard,
,simple,SHOT-PUT-5KG,SHOT PUT 5KG,1,SHOT PUT 5KG - high-quality product in the Athletics category.,SHOT PUT 5KG is a premium product designed for Athletics training and matches. Ideal for athletes and sports enthusiasts.,999,,Athletics,https://placehold.co/600x600/f5f5f5/333333.png?text=SHOT%20PUT%205KG,10,yes,no,taxable,standard,
,simple,SHUTTLECOCK-CHAMP-SPEED76,SHUTTLECOCK CHAMP SPEED76,1,SHUTTLECOCK CHAMP SPEED76 - high-quality Cork in the Badminton category.,SHUTTLECOCK CHAMP SPEED76 is a premium Cork designed for Badminton training and matches. Ideal for athletes and sports enthusiasts.,999,,Badminton > Cork,https://placehold.co/600x600/f5f5f5/333333.png?text=SHUTTLECOCK%20CHAMP%20SPEED76,10,yes,no,taxable,standard,
,simple,SILAMBAM-5-6-FT,SILAMBAM 5.6 FT,1,SILAMBAM 5.6 FT - high-quality product in the silambam stick category.,SILAMBAM 5.6 FT is a premium product designed for silambam stick training and matches. Ideal for athletes and sports enthusiasts.,999,,silambam stick,https://placehold.co/600x600/f5f5f5/333333.png?text=SILAMBAM%205.6%20FT,10,yes,no,taxable,standard,
,simple,SILAMBAM-6-FT,SILAMBAM 6 FT,1,SILAMBAM 6 FT - high-quality product in the silambam stick category.,SILAMBAM 6 FT is a premium product designed for silambam stick training and matches. Ideal for athletes and sports enthusiasts.,999,,silambam stick,https://placehold.co/600x600/f5f5f5/333333.png?text=SILAMBAM%206%20FT,10,yes,no,taxable,standard,
,simple,SILAMBAM-COVER,SILAMBAM COVER,1,SILAMBAM COVER - high-quality product in the silambam cover category.,SILAMBAM COVER is a premium product designed for silambam cover training and matches. Ideal for athletes and sports enthusiasts.,999,,silambam cover,https://placehold.co/600x600/f5f5f5/333333.png?text=SILAMBAM%20COVER,10,yes,no,taxable,standard,
,simple,SKATING-ACCESSORIES-FULL-SET,SKATING ACCESSORIES FULL SET,1,SKATING ACCESSORIES FULL SET - high-quality product in the skating accessories category.,SKATING ACCESSORIES FULL SET is a premium product designed for skating accessories training and matches. Ideal for athletes and sports enthusiasts.,999,,skating accessories,https://placehold.co/600x600/f5f5f5/333333.png?text=SKATING%20ACCESSORIES%20FULL%20SET,10,yes,no,taxable,standard,
,simple,SKATING-GUARD,SKATING GUARD,1,SKATING GUARD - high-quality product in the skating category.,SKATING GUARD is a premium product designed for skating training and matches. Ideal for athletes and sports enthusiasts.,999,,skating,https://placehold.co/600x600/f5f5f5/333333.png?text=SKATING%20GUARD,10,yes,no,taxable,standard,
,simple,SKATING-HELMUT,SKATING HELMUT,1,SKATING HELMUT - high-quality product in the skating category.,SKATING HELMUT is a premium product designed for skating training and matches. Ideal for athletes and sports enthusiasts.,999,,skating,https://placehold.co/600x600/f5f5f5/333333.png?text=SKATING%20HELMUT,10,yes,no,taxable,standard,
,simple,SKATING-SHOE-JJ-JONEX,SKATING SHOE JJ JONEX,1,SKATING SHOE JJ JONEX - high-quality product in the skatin shoe category.,SKATING SHOE JJ JONEX is a premium product designed for skatin shoe training and matches. Ideal for athletes and sports enthusiasts.,999,,skatin shoe,https://placehold.co/600x600/f5f5f5/333333.png?text=SKATING%20SHOE%20JJ%20JONEX,10,yes,no,taxable,standard,
,simple,SKIPPING-ROPE,SKIPPING ROPE,1,SKIPPING ROPE - high-quality product in the skipping category.,SKIPPING ROPE is a premium product designed for skipping training and matches. Ideal for athletes and sports enthusiasts.,999,,skipping,https://placehold.co/600x600/f5f5f5/333333.png?text=SKIPPING%20ROPE,10,yes,no,taxable,standard,
,simple,SS-ABDOMN-GAURD,SS ABDOMN GAURD,1,SS ABDOMN GAURD - high-quality product in the abdominal guard category.,SS ABDOMN GAURD is a premium product designed for abdominal guard training and matches. Ideal for athletes and sports enthusiasts.,999,,abdominal guard,https://placehold.co/600x600/f5f5f5/333333.png?text=SS%20ABDOMN%20GAURD,10,yes,no,taxable,standard,
,simple,SS-C-BAT-K-W-MASTER-NO-6,SS C/BAT K/W MASTER NO 6,1,SS C/BAT K/W MASTER NO 6 - high-quality product in the Cricket category.,SS C/BAT K/W MASTER NO 6 is a premium product designed for Cricket training and matches. Ideal for athletes and sports enthusiasts.,999,,Cricket,https://placehold.co/600x600/f5f5f5/333333.png?text=SS%20C%2FBAT%20K%2FW%20MASTER%20NO%206,10,yes,no,taxable,standard,
,simple,SS-CRICKET-BALL-TRUE-TEST,SS CRICKET BALL TRUE TEST,1,SS CRICKET BALL TRUE TEST - high-quality product in the cr/ball category.,SS CRICKET BALL TRUE TEST is a premium product designed for cr/ball training and matches. Ideal for athletes and sports enthusiasts.,999,,cr/ball,https://placehold.co/600x600/f5f5f5/333333.png?text=SS%20CRICKET%20BALL%20TRUE%20TEST,10,yes,no,taxable,standard,
,simple,STRETCH-BLACK,STRETCH BLACK,1,STRETCH BLACK - high-quality product in the Football category.,STRETCH BLACK is a premium product designed for Football training and matches. Ideal for athletes and sports enthusiasts.,999,,Football,https://placehold.co/600x600/f5f5f5/333333.png?text=STRETCH%20BLACK,10,yes,no,taxable,standard,
,simple,STRETCH-NAVY,STRETCH NAVY,1,STRETCH NAVY - high-quality product in the Football category.,STRETCH NAVY is a premium product designed for Football training and matches. Ideal for athletes and sports enthusiasts.,999,,Football,https://placehold.co/600x600/f5f5f5/333333.png?text=STRETCH%20NAVY,10,yes,no,taxable,standard,
,simple,SWIMMING-CAP-SR-108,SWIMMING CAP SR 108,1,SWIMMING CAP SR 108 - high-quality product in the swimming cap category.,SWIMMING CAP SR 108 is a premium product designed for swimming cap training and matches. Ideal for athletes and sports enthusiasts.,999,,swimming cap,https://placehold.co/600x600/f5f5f5/333333.png?text=SWIMMING%20CAP%20SR%20108,10,yes,no,taxable,standard,
,simple,SWITCH-BACK-PACK,SWITCH BACK PACK,1,SWITCH BACK PACK - high-quality product in the Cricket category.,SWITCH BACK PACK is a premium product designed for Cricket training and matches. Ideal for athletes and sports enthusiasts.,999,,Cricket,https://placehold.co/600x600/f5f5f5/333333.png?text=SWITCH%20BACK%20PACK,10,yes,no,taxable,standard,
,simple,TAPE-PLASTICA-100-MTR,TAPE PLASTICA 100 MTR,1,TAPE PLASTICA 100 MTR - high-quality product in the Athletics category.,TAPE PLASTICA 100 MTR is a premium product designed for Athletics training and matches. Ideal for athletes and sports enthusiasts.,999,,Athletics,https://placehold.co/600x600/f5f5f5/333333.png?text=TAPE%20PLASTICA%20100%20MTR,10,yes,no,taxable,standard,
,simple,TENNIKOIT-RING-COLOUR,TENNIKOIT RING COLOUR,1,TENNIKOIT RING COLOUR - high-quality product in the Tennikoit category.,TENNIKOIT RING COLOUR is a premium product designed for Tennikoit training and matches. Ideal for athletes and sports enthusiasts.,999,,Tennikoit,https://placehold.co/600x600/f5f5f5/333333.png?text=TENNIKOIT%20RING%20COLOUR,10,yes,no,taxable,standard,
,simple,TENNIS-BALL,TENNIS BALL,1,TENNIS BALL - high-quality product in the Tennis/Cricket category.,TENNIS BALL is a premium product designed for Tennis/Cricket training and matches. Ideal for athletes and sports enthusiasts.,999,,Tennis/Cricket,https://placehold.co/600x600/f5f5f5/333333.png?text=TENNIS%20BALL,10,yes,no,taxable,standard,
,simple,TENNIS-GLOVES-DRAGON,TENNIS GLOVES DRAGON,1,TENNIS GLOVES DRAGON - high-quality product in the Cricket category.,TENNIS GLOVES DRAGON is a premium product designed for Cricket training and matches. Ideal for athletes and sports enthusiasts.,999,,Cricket,https://placehold.co/600x600/f5f5f5/333333.png?text=TENNIS%20GLOVES%20DRAGON,10,yes,no,taxable,standard,
,simple,THIGH-GUARD-MEN,THIGH GUARD MEN,1,THIGH GUARD MEN - high-quality product in the Cricket category.,THIGH GUARD MEN is a premium product designed for Cricket training and matches. Ideal for athletes and sports enthusiasts.,999,,Cricket,https://placehold.co/600x600/f5f5f5/333333.png?text=THIGH%20GUARD%20MEN,10,yes,no,taxable,standard,
,simple,THIGH-PAD-CLUB-BOYS,THIGH PAD CLUB BOYS,1,THIGH PAD CLUB BOYS - high-quality product in the Cricket category.,THIGH PAD CLUB BOYS is a premium product designed for Cricket training and matches. Ideal for athletes and sports enthusiasts.,999,,Cricket,https://placehold.co/600x600/f5f5f5/333333.png?text=THIGH%20PAD%20CLUB%20BOYS,10,yes,no,taxable,standard,
,simple,THROW-BALL,THROW BALL,1,THROW BALL - high-quality product in the Volley ball category.,THROW BALL is a premium product designed for Volley ball training and matches. Ideal for athletes and sports enthusiasts.,999,,Volley ball,https://placehold.co/600x600/f5f5f5/333333.png?text=THROW%20BALL,10,yes,no,taxable,standard,
,simple,TONING-TUBE-KAMATCHI,TONING TUBE KAMATCHI,1,TONING TUBE KAMATCHI - high-quality product in the Fitness category.,TONING TUBE KAMATCHI is a premium product designed for Fitness training and matches. Ideal for athletes and sports enthusiasts.,999,,Fitness,https://placehold.co/600x600/f5f5f5/333333.png?text=TONING%20TUBE%20KAMATCHI,10,yes,no,taxable,standard,
,simple,TRACK-PANT-NIKE,TRACK PANT NIKE,1,TRACK PANT NIKE - high-quality product in the clothing category.,TRACK PANT NIKE is a premium product designed for clothing training and matches. Ideal for athletes and sports enthusiasts.,999,,clothing,https://placehold.co/600x600/f5f5f5/333333.png?text=TRACK%20PANT%20NIKE,10,yes,no,taxable,standard,
,simple,TROPHIES-NO-1,TROPHIES NO 1,1,TROPHIES NO 1 - high-quality product in the Shields and Trophies category.,TROPHIES NO 1 is a premium product designed for Shields and Trophies training and matches. Ideal for athletes and sports enthusiasts.,999,,Shields and Trophies,https://placehold.co/600x600/f5f5f5/333333.png?text=TROPHIES%20NO%201,10,yes,no,taxable,standard,
,simple,TROPHIES-NO-2,TROPHIES NO 2,1,TROPHIES NO 2 - high-quality product in the Shields and Trophies category.,TROPHIES NO 2 is a premium product designed for Shields and Trophies training and matches. Ideal for athletes and sports enthusiasts.,999,,Shields and Trophies,https://placehold.co/600x600/f5f5f5/333333.png?text=TROPHIES%20NO%202,10,yes,no,taxable,standard,
,simple,TROPHIES-NO-3,TROPHIES NO 3,1,TROPHIES NO 3 - high-quality product in the Shields and Trophies category.,TROPHIES NO 3 is a premium product designed for Shields and Trophies training and matches. Ideal for athletes and sports enthusiasts.,999,,Shields and Trophies,https://placehold.co/600x600/f5f5f5/333333.png?text=TROPHIES%20NO%203,10,yes,no,taxable,standard,
,simple,TROPHIES-NO-5,TROPHIES NO 5,1,TROPHIES NO 5 - high-quality product in the Shields and Trophies category.,TROPHIES NO 5 is a premium product designed for Shields and Trophies training and matches. Ideal for athletes and sports enthusiasts.,999,,Shields and Trophies,https://placehold.co/600x600/f5f5f5/333333.png?text=TROPHIES%20NO%205,10,yes,no,taxable,standard,
,simple,TROPHIES-NO-6,TROPHIES NO 6,1,TROPHIES NO 6 - high-quality product in the Shields and Trophies category.,TROPHIES NO 6 is a premium product designed for Shields and Trophies training and matches. Ideal for athletes and sports enthusiasts.,999,,Shields and Trophies,https://placehold.co/600x600/f5f5f5/333333.png?text=TROPHIES%20NO%206,10,yes,no,taxable,standard,
,simple,TROPHIES-NO-7,TROPHIES NO 7,1,TROPHIES NO 7 - high-quality product in the Shields and Trophies category.,TROPHIES NO 7 is a premium product designed for Shields and Trophies training and matches. Ideal for athletes and sports enthusiasts.,999,,Shields and Trophies,https://placehold.co/600x600/f5f5f5/333333.png?text=TROPHIES%20NO%207,10,yes,no,taxable,standard,
,simple,TROPHIES-NO4,TROPHIES NO4,1,TROPHIES NO4 - high-quality product in the Shields and Trophies category.,TROPHIES NO4 is a premium product designed for Shields and Trophies training and matches. Ideal for athletes and sports enthusiasts.,999,,Shields and Trophies,https://placehold.co/600x600/f5f5f5/333333.png?text=TROPHIES%20NO4,10,yes,no,taxable,standard,
,simple,T-SHIRT,T-SHIRT,1,T-SHIRT - high-quality product in the clothing category.,T-SHIRT is a premium product designed for clothing training and matches. Ideal for athletes and sports enthusiasts.,999,,clothing,https://placehold.co/600x600/f5f5f5/333333.png?text=T-SHIRT,10,yes,no,taxable,standard,
,simple,T-SHIRT-COLLAR,T-SHIRT COLLAR,1,T-SHIRT COLLAR - high-quality product in the clothing category.,T-SHIRT COLLAR is a premium product designed for clothing training and matches. Ideal for athletes and sports enthusiasts.,999,,clothing,https://placehold.co/600x600/f5f5f5/333333.png?text=T-SHIRT%20COLLAR,10,yes,no,taxable,standard,
,simple,T-SHIRT-MARS-220,T-SHIRT MARS 220,1,T-SHIRT MARS 220 - high-quality product in the clothing category.,T-SHIRT MARS 220 is a premium product designed for clothing training and matches. Ideal for athletes and sports enthusiasts.,999,,clothing,https://placehold.co/600x600/f5f5f5/333333.png?text=T-SHIRT%20MARS%20220,10,yes,no,taxable,standard,
,simple,T-SHIRT-SLEEVELESS-BAA,T-SHIRT SLEEVELESS BAA,1,T-SHIRT SLEEVELESS BAA - high-quality product in the clothing category.,T-SHIRT SLEEVELESS BAA is a premium product designed for clothing training and matches. Ideal for athletes and sports enthusiasts.,999,,clothing,https://placehold.co/600x600/f5f5f5/333333.png?text=T-SHIRT%20SLEEVELESS%20BAA,10,yes,no,taxable,standard,
,simple,T-SHIRT-SLEEVELESS-CAA,T-SHIRT SLEEVELESS CAA,1,T-SHIRT SLEEVELESS CAA - high-quality product in the clothing category.,T-SHIRT SLEEVELESS CAA is a premium product designed for clothing training and matches. Ideal for athletes and sports enthusiasts.,999,,clothing,https://placehold.co/600x600/f5f5f5/333333.png?text=T-SHIRT%20SLEEVELESS%20CAA,10,yes,no,taxable,standard,
,simple,T-SHIRT-TIGER-BAE,T-SHIRT TIGER BAE,1,T-SHIRT TIGER BAE - high-quality product in the clothing category.,T-SHIRT TIGER BAE is a premium product designed for clothing training and matches. Ideal for athletes and sports enthusiasts.,999,,clothing,https://placehold.co/600x600/f5f5f5/333333.png?text=T-SHIRT%20TIGER%20BAE,10,yes,no,taxable,standard,
,simple,T-SHIRT-TIGER-CBE,T-SHIRT TIGER CBE,1,T-SHIRT TIGER CBE - high-quality product in the clothing category.,T-SHIRT TIGER CBE is a premium product designed for clothing training and matches. Ideal for athletes and sports enthusiasts.,999,,clothing,https://placehold.co/600x600/f5f5f5/333333.png?text=T-SHIRT%20TIGER%20CBE,10,yes,no,taxable,standard,
,simple,T-SHORT-TIGER-BEA,T-SHORT TIGER BEA,1,T-SHORT TIGER BEA - high-quality product in the clothing category.,T-SHORT TIGER BEA is a premium product designed for clothing training and matches. Ideal for athletes and sports enthusiasts.,999,,clothing,https://placehold.co/600x600/f5f5f5/333333.png?text=T-SHORT%20TIGER%20BEA,10,yes,no,taxable,standard,
,simple,TURBO-CORK-BALL,TURBO CORK BALL,1,TURBO CORK BALL - high-quality product in the Cricket category.,TURBO CORK BALL is a premium product designed for Cricket training and matches. Ideal for athletes and sports enthusiasts.,999,,Cricket,https://placehold.co/600x600/f5f5f5/333333.png?text=TURBO%20CORK%20BALL,10,yes,no,taxable,standard,
,simple,UMPIRE-CAP,UMPIRE CAP,1,UMPIRE CAP - high-quality product in the Cricket category.,UMPIRE CAP is a premium product designed for Cricket training and matches. Ideal for athletes and sports enthusiasts.,999,,Cricket,https://placehold.co/600x600/f5f5f5/333333.png?text=UMPIRE%20CAP,10,yes,no,taxable,standard,
,simple,UV-PRO-ARM-SLEEVE-SKIN,UV PRO ARM SLEEVE SKIN,1,UV PRO ARM SLEEVE SKIN - high-quality product in the Cricket category.,UV PRO ARM SLEEVE SKIN is a premium product designed for Cricket training and matches. Ideal for athletes and sports enthusiasts.,999,,Cricket,https://placehold.co/600x600/f5f5f5/333333.png?text=UV%20PRO%20ARM%20SLEEVE%20SKIN,10,yes,no,taxable,standard,
,simple,V-BALL,V/BALL,1,V/BALL - high-quality product in the Volley ball category.,V/BALL is a premium product designed for Volley ball training and matches. Ideal for athletes and sports enthusiasts.,999,,Volley ball,https://placehold.co/600x600/f5f5f5/333333.png?text=V%2FBALL,10,yes,no,taxable,standard,
,simple,VANGUARD-II-NEXT-GEN,VANGUARD II NEXT GEN,1,VANGUARD II NEXT GEN - high-quality Racket in the Badminton category.,VANGUARD II NEXT GEN is a premium Racket designed for Badminton training and matches. Ideal for athletes and sports enthusiasts.,999,,Badminton > Racket,https://placehold.co/600x600/f5f5f5/333333.png?text=VANGUARD%20II%20NEXT%20GEN,10,yes,no,taxable,standard,
,simple,VICKY-T-BALL-DC-HEAVY,VICKY T/BALL DC HEAVY,1,VICKY T/BALL DC HEAVY - high-quality product in the Cricket category.,VICKY T/BALL DC HEAVY is a premium product designed for Cricket training and matches. Ideal for athletes and sports enthusiasts.,999,,Cricket,https://placehold.co/600x600/f5f5f5/333333.png?text=VICKY%20T%2FBALL%20DC%20HEAVY,10,yes,no,taxable,standard,
,simple,VICKY-T-BALL-RED-HEAVY,VICKY T/BALL RED HEAVY,1,VICKY T/BALL RED HEAVY - high-quality product in the Cricket category.,VICKY T/BALL RED HEAVY is a premium product designed for Cricket training and matches. Ideal for athletes and sports enthusiasts.,999,,Cricket,https://placehold.co/600x600/f5f5f5/333333.png?text=VICKY%20T%2FBALL%20RED%20HEAVY,10,yes,no,taxable,standard,
,simple,VINYL-DUMBELLS-2KG,VINYL DUMBELLS 2KG,1,VINYL DUMBELLS 2KG - high-quality product in the Fitness/Gym category.,VINYL DUMBELLS 2KG is a premium product designed for Fitness/Gym training and matches. Ideal for athletes and sports enthusiasts.,999,,Fitness/Gym,https://placehold.co/600x600/f5f5f5/333333.png?text=VINYL%20DUMBELLS%202KG,10,yes,no,taxable,standard,
,simple,VINYL-DUMBELLS-3KG,VINYL DUMBELLS 3KG,1,VINYL DUMBELLS 3KG - high-quality product in the Fitness/Gym category.,VINYL DUMBELLS 3KG is a premium product designed for Fitness/Gym training and matches. Ideal for athletes and sports enthusiasts.,999,,Fitness/Gym,https://placehold.co/600x600/f5f5f5/333333.png?text=VINYL%20DUMBELLS%203KG,10,yes,no,taxable,standard,
,simple,VINYL-DUMBELLS-4KG,VINYL DUMBELLS 4KG,1,VINYL DUMBELLS 4KG - high-quality product in the Fitness/Gym category.,VINYL DUMBELLS 4KG is a premium product designed for Fitness/Gym training and matches. Ideal for athletes and sports enthusiasts.,999,,Fitness/Gym,https://placehold.co/600x600/f5f5f5/333333.png?text=VINYL%20DUMBELLS%204KG,10,yes,no,taxable,standard,
,simple,VINYL-DUMBELLS-5-KG,VINYL DUMBELLS 5 KG,1,VINYL DUMBELLS 5 KG - high-quality product in the Fitness/Gym category.,VINYL DUMBELLS 5 KG is a premium product designed for Fitness/Gym training and matches. Ideal for athletes and sports enthusiasts.,999,,Fitness/Gym,https://placehold.co/600x600/f5f5f5/333333.png?text=VINYL%20DUMBELLS%205%20KG,10,yes,no,taxable,standard,
,simple,VIXEN-BALL-PIN,VIXEN BALL PIN,1,VIXEN BALL PIN - high-quality product in the Football category.,VIXEN BALL PIN is a premium product designed for Football training and matches. Ideal for athletes and sports enthusiasts.,999,,Football,https://placehold.co/600x600/f5f5f5/333333.png?text=VIXEN%20BALL%20PIN,10,yes,no,taxable,standard,
,simple,VIXEN-BALL-PIN-PREMIUM,VIXEN BALL PIN PREMIUM,1,VIXEN BALL PIN PREMIUM - high-quality product in the Football category.,VIXEN BALL PIN PREMIUM is a premium product designed for Football training and matches. Ideal for athletes and sports enthusiasts.,999,,Football,https://placehold.co/600x600/f5f5f5/333333.png?text=VIXEN%20BALL%20PIN%20PREMIUM,10,yes,no,taxable,standard,
,simple,VOLLEY-BALL-ACCLAIN-18-PANEL,VOLLEY BALL ACCLAIN-18 PANEL,1,VOLLEY BALL ACCLAIN-18 PANEL - high-quality product in the Volley ball category.,VOLLEY BALL ACCLAIN-18 PANEL is a premium product designed for Volley ball training and matches. Ideal for athletes and sports enthusiasts.,999,,Volley ball,https://placehold.co/600x600/f5f5f5/333333.png?text=VOLLEY%20BALL%20ACCLAIN-18%20PANEL,10,yes,no,taxable,standard,
,simple,VOLLEY-BALL-FLIGHT-VOLLEY,VOLLEY BALL FLIGHT VOLLEY,1,VOLLEY BALL FLIGHT VOLLEY - high-quality product in the Volley ball category.,VOLLEY BALL FLIGHT VOLLEY is a premium product designed for Volley ball training and matches. Ideal for athletes and sports enthusiasts.,999,,Volley ball,https://placehold.co/600x600/f5f5f5/333333.png?text=VOLLEY%20BALL%20FLIGHT%20VOLLEY,10,yes,no,taxable,standard,
,simple,VOLLEY-BALL-STRIKER-18P,VOLLEY BALL STRIKER 18P,1,VOLLEY BALL STRIKER 18P - high-quality product in the Volley ball category.,VOLLEY BALL STRIKER 18P is a premium product designed for Volley ball training and matches. Ideal for athletes and sports enthusiasts.,999,,Volley ball,https://placehold.co/600x600/f5f5f5/333333.png?text=VOLLEY%20BALL%20STRIKER%2018P,10,yes,no,taxable,standard,
,simple,VOLLEY-BALL-SUPER-VALLEY,VOLLEY BALL SUPER VALLEY,1,VOLLEY BALL SUPER VALLEY - high-quality product in the Volley ball category.,VOLLEY BALL SUPER VALLEY is a premium product designed for Volley ball training and matches. Ideal for athletes and sports enthusiasts.,999,,Volley ball,https://placehold.co/600x600/f5f5f5/333333.png?text=VOLLEY%20BALL%20SUPER%20VALLEY,10,yes,no,taxable,standard,
,simple,VOLTRIC-LITE-35I-G4,VOLTRIC LITE 35I G4,1,Yonex Voltric Lite 35i G4 unstrung badminton racket. 83g head-heavy frame. Full graphite. Ideal for powerful smashes and fast drives.,Yonex Voltric Lite 35i G4 unstrung badminton racket. 83g head-heavy frame. Full graphite construction. Designed for attacking players. Made in Vietnam. Ideal for powerful smashes and fast drives.,999,,Badminton > Racket,https://placehold.co/600x600/f5f5f5/333333.png?text=VOLTRIC%20LITE%2035I%20G4,10,yes,no,taxable,standard,"VOLTRIC,LITE,35I,G4,Badminton,Racket,Unstrung,Graphite,83g,Head Heavy,Made in Vietnam,Sports,Training"
,simple,VX-FOAM-ROLLER-35-15,VX FOAM ROLLER 35*15,1,VX FOAM ROLLER 35*15 - high-quality product in the Fitness category.,VX FOAM ROLLER 35*15 is a premium product designed for Fitness training and matches. Ideal for athletes and sports enthusiasts.,999,,Fitness,https://placehold.co/600x600/f5f5f5/333333.png?text=VX%20FOAM%20ROLLER%2035*15,10,yes,no,taxable,standard,
,simple,W-KEEPING-GLOVES-CATCHER,W/KEEPING GLOVES CATCHER,1,W/KEEPING GLOVES CATCHER - high-quality product in the Cricket category.,W/KEEPING GLOVES CATCHER is a premium product designed for Cricket training and matches. Ideal for athletes and sports enthusiasts.,999,,Cricket,https://placehold.co/600x600/f5f5f5/333333.png?text=W%2FKEEPING%20GLOVES%20CATCHER,10,yes,no,taxable,standard,
,simple,W-KEEPING-GLOVES-COLLEGE-MEN,W/KEEPING GLOVES COLLEGE MEN,1,W/KEEPING GLOVES COLLEGE MEN - high-quality product in the Cricket category.,W/KEEPING GLOVES COLLEGE MEN is a premium product designed for Cricket training and matches. Ideal for athletes and sports enthusiasts.,999,,Cricket,https://placehold.co/600x600/f5f5f5/333333.png?text=W%2FKEEPING%20GLOVES%20COLLEGE%20MEN,10,yes,no,taxable,standard,
,simple,WICKET-KEEPING-GLOVES,WICKET KEEPING GLOVES,1,WICKET KEEPING GLOVES - high-quality product in the Cricket category.,WICKET KEEPING GLOVES is a premium product designed for Cricket training and matches. Ideal for athletes and sports enthusiasts.,999,,Cricket,https://placehold.co/600x600/f5f5f5/333333.png?text=WICKET%20KEEPING%20GLOVES,10,yes,no,taxable,standard,
,simple,WIND-BALL,WIND BALL,1,WIND BALL - high-quality product in the wind ball category.,WIND BALL is a premium product designed for wind ball training and matches. Ideal for athletes and sports enthusiasts.,999,,wind ball,https://placehold.co/600x600/f5f5f5/333333.png?text=WIND%20BALL,10,yes,no,taxable,standard,
,simple,WINDSTORM-700-SPECIAL-EDITION,WINDSTORM-700-SPECIAL EDITION,1,Windstorm 700 Special Edition unstrung badminton racket. 84g head-heavy frame. 42 lbs max string tension. Full graphite construction. Made in Vietnam.,WINDSTORM-700-SPECIAL EDITION is a premium Racket designed for Badminton training and matches. Ideal for athletes and sports enthusiasts.,999,,Badminton > Racket,https://placehold.co/600x600/f5f5f5/333333.png?text=WINDSTORM-700-SPECIAL%20EDITION,10,yes,no,taxable,standard,"WINDSTORM,700,SPECIAL EDITION,Badminton,Racket,Unstrung,Graphite,84g,Head Heavy,42 LBS,Made in Vietnam,Sports,Training"
,simple,WK-GLOVE-CLUB-BOYS,WK GLOVE CLUB BOYS,1,WK GLOVE CLUB BOYS - high-quality product in the Cricket category.,WK GLOVE CLUB BOYS is a premium product designed for Cricket training and matches. Ideal for athletes and sports enthusiasts.,999,,Cricket,https://placehold.co/600x600/f5f5f5/333333.png?text=WK%20GLOVE%20CLUB%20BOYS,10,yes,no,taxable,standard,
,simple,WK-GLOVE-COLT-BOYS,WK GLOVE COLT BOYS,1,WK GLOVE COLT BOYS - high-quality product in the Cricket category.,WK GLOVE COLT BOYS is a premium product designed for Cricket training and matches. Ideal for athletes and sports enthusiasts.,999,,Cricket,https://placehold.co/600x600/f5f5f5/333333.png?text=WK%20GLOVE%20COLT%20BOYS,10,yes,no,taxable,standard,
,simple,WK-INNER-GLOVE-LEAGUE-MKLR,WK INNER GLOVE LEAGUE MKLR,1,WK INNER GLOVE LEAGUE MKLR - high-quality product in the Cricket category.,WK INNER GLOVE LEAGUE MKLR is a premium product designed for Cricket training and matches. Ideal for athletes and sports enthusiasts.,999,,Cricket,https://placehold.co/600x600/f5f5f5/333333.png?text=WK%20INNER%20GLOVE%20LEAGUE%20MKLR,10,yes,no,taxable,standard,
,simple,WRIST-BAND,WRIST BAND,1,WRIST BAND - high-quality product in the clothing category.,WRIST BAND is a premium product designed for clothing training and matches. Ideal for athletes and sports enthusiasts.,999,,clothing,https://placehold.co/600x600/f5f5f5/333333.png?text=WRIST%20BAND,10,yes,no,taxable,standard,
,simple,WRIST-SUPPORT-WEIGHT-LIFT,WRIST SUPPORT WEIGHT LIFT,1,WRIST SUPPORT WEIGHT LIFT - high-quality product in the clothing category.,WRIST SUPPORT WEIGHT LIFT is a premium product designed for clothing training and matches. Ideal for athletes and sports enthusiasts.,999,,clothing,https://placehold.co/600x600/f5f5f5/333333.png?text=WRIST%20SUPPORT%20WEIGHT%20LIFT,10,yes,no,taxable,standard,
,simple,YOGA-MAT-4MM,YOGA MAT 4MM,1,YOGA MAT 4MM - high-quality product in the Fitness category.,YOGA MAT 4MM is a premium product designed for Fitness training and matches. Ideal for athletes and sports enthusiasts.,999,,Fitness,https://placehold.co/600x600/f5f5f5/333333.png?text=YOGA%20MAT%204MM,10,yes,no,taxable,standard,
,simple,YONEX-AEROCUSH-GRIP,YONEX AEROCUSH GRIP,1,YONEX AEROCUSH GRIP - high-quality Grip in the Badminton category.,YONEX AEROCUSH GRIP is a premium Grip designed for Badminton training and matches. Ideal for athletes and sports enthusiasts.,999,,Badminton > Grip,https://placehold.co/600x600/f5f5f5/333333.png?text=YONEX%20AEROCUSH%20GRIP,10,yes,no,taxable,standard,
,simple,ZIGGLER-DARK-KNIGHT,ZIGGLER DARK KNIGHT,1,Apacs Z-Ziggler Dark Knight unstrung badminton racket. 84g head-heavy frame. 42 lbs max string tension. Full graphite construction. Made in Vietnam.,ZIGGLER DARK KNIGHT is a premium Racket designed for Badminton training and matches. Ideal for athletes and sports enthusiasts.,999,,Badminton > Racket,https://placehold.co/600x600/f5f5f5/333333.png?text=ZIGGLER%20DARK%20KNIGHT,10,yes,no,taxable,standard,"ZIGGLER,DARK KNIGHT,Badminton,Racket,Apacs,Unstrung,Graphite,84g,Head Heavy,42 LBS,Made in Vietnam,Sports,Training"
,simple,ZIGGLER-NEXT-GEN,ZIGGLER NEXT GEN,1,ZIGGLER NEXT GEN - high-quality Racket in the Badminton category.,ZIGGLER NEXT GEN is a premium Racket designed for Badminton training and matches. Ideal for athletes and sports enthusiasts.,999,,Badminton > Racket,https://lightslategrey-monkey-361905.hostingersite.com/wp-content/uploads/2026/09/Ziggler_Next_gen_White_8.jpg,10,yes,no,taxable,standard,"ZIGGLER,NEXT GEN,Badminton,Racket,Apacs,Unstrung,Graphite,84g,Head Heavy,42 LBS,Made in Vietnam,Sports,Training"
,simple,ZIGGLER-REBORN,ZIGGLER REBORN,1,Apacs Z-Ziggler Reborn unstrung badminton racket. 84g head-heavy frame. 42 lbs max tension. Full graphite. Made in Vietnam.,Apacs Z-Ziggler Reborn unstrung badminton racket. 84g head-heavy frame. 42 lbs max tension. Full graphite. Made in Vietnam. Ideal for aggressive smashes and powerful attacking play.,999,,Badminton > Racket,https://lightslategrey-monkey-361905.hostingersite.com/wp-content/uploads/2026/09/ZIGGLER-REBORN.webp,10,yes,no,taxable,standard,
